date,game_title,player,team,opponent,minutes,plate_appearances,games,points,rebounds,assists,threes,steals,blocks,turnovers,pra,pts_rebs,pts_asts,rebs_asts
2026-05-09,WNBA,a'ja wilson,lva,phx,24.0,1,1,19.0,4.0,4.0,2.0,2.0,2.0,2.0,27.0,23.0,23.0,8.0
2026-05-10,WNBA,a'ja wilson,lva,las,30.0,1,1,19.0,4.0,3.0,0.0,1.0,2.0,3.0,26.0,23.0,22.0,7.0
2026-05-13,WNBA,a'ja wilson,lva,con,21.0,1,1,22.0,11.0,1.0,0.0,0.0,2.0,1.0,34.0,33.0,23.0,12.0
2026-05-15,WNBA,a'ja wilson,lva,con,32.0,1,1,45.0,3.0,3.0,2.0,1.0,2.0,3.0,51.0,48.0,48.0,6.0
2026-05-17,WNBA,a'ja wilson,lva,atl,31.0,1,1,20.0,6.0,1.0,2.0,0.0,2.0,4.0,27.0,26.0,21.0,7.0
2026-05-23,WNBA,a'ja wilson,lva,las,35.0,1,1,24.0,15.0,4.0,2.0,2.0,4.0,3.0,43.0,39.0,28.0,19.0
2026-05-28,WNBA,a'ja wilson,lva,dal,35.0,1,1,21.0,7.0,3.0,1.0,1.0,0.0,2.0,31.0,28.0,24.0,10.0
2026-05-31,WNBA,a'ja wilson,lva,gsv,36.0,1,1,28.0,15.0,4.0,0.0,1.0,4.0,4.0,47.0,43.0,32.0,19.0
2026-06-02,WNBA,a'ja wilson,lva,las,34.0,1,1,25.0,15.0,1.0,1.0,3.0,5.0,3.0,41.0,40.0,26.0,16.0
2026-06-06,WNBA,a'ja wilson,lva,gsv,35.0,1,1,28.0,14.0,3.0,2.0,0.0,0.0,2.0,45.0,42.0,31.0,17.0
2026-06-08,WNBA,a'ja wilson,lva,sea,36.0,1,1,34.0,12.0,9.0,3.0,1.0,3.0,2.0,55.0,46.0,43.0,21.0
2026-06-11,WNBA,a'ja wilson,lva,pdx,36.0,1,1,32.0,5.0,4.0,1.0,1.0,2.0,3.0,41.0,37.0,36.0,9.0
2026-06-13,WNBA,a'ja wilson,lva,min,32.0,1,1,24.0,10.0,1.0,1.0,2.0,3.0,3.0,35.0,34.0,25.0,11.0
2026-05-09,WNBA,aliyah boston,ind,dal,26.0,1,1,23.0,4.0,3.0,1.0,3.0,1.0,1.0,30.0,27.0,26.0,7.0
2026-05-13,WNBA,aliyah boston,ind,las,23.0,1,1,4.0,7.0,2.0,0.0,0.0,2.0,2.0,13.0,11.0,6.0,9.0
2026-05-15,WNBA,aliyah boston,ind,was,21.0,1,1,9.0,4.0,1.0,1.0,1.0,0.0,0.0,14.0,13.0,10.0,5.0
2026-05-20,WNBA,aliyah boston,ind,pdx,21.0,1,1,24.0,8.0,3.0,2.0,2.0,1.0,5.0,35.0,32.0,27.0,11.0
2026-05-22,WNBA,aliyah boston,ind,gsv,29.0,1,1,20.0,16.0,3.0,1.0,2.0,0.0,2.0,39.0,36.0,23.0,19.0
2026-05-28,WNBA,aliyah boston,ind,gsv,22.0,1,1,13.0,6.0,4.0,1.0,0.0,0.0,2.0,23.0,19.0,17.0,10.0
2026-05-30,WNBA,aliyah boston,ind,pdx,26.0,1,1,18.0,7.0,2.0,0.0,0.0,0.0,3.0,27.0,25.0,20.0,9.0
2026-06-04,WNBA,aliyah boston,ind,atl,31.0,1,1,19.0,7.0,2.0,3.0,0.0,3.0,4.0,28.0,26.0,21.0,9.0
2026-06-06,WNBA,aliyah boston,ind,nyl,29.0,1,1,13.0,9.0,1.0,1.0,1.0,3.0,4.0,23.0,22.0,14.0,10.0
2026-06-08,WNBA,aliyah boston,ind,was,24.0,1,1,14.0,10.0,3.0,0.0,2.0,2.0,5.0,27.0,24.0,17.0,13.0
2026-06-11,WNBA,aliyah boston,ind,chi,32.0,1,1,34.0,12.0,3.0,2.0,1.0,2.0,3.0,49.0,46.0,37.0,15.0
2026-06-13,WNBA,aliyah boston,ind,con,32.0,1,1,13.0,11.0,5.0,1.0,1.0,0.0,2.0,29.0,24.0,18.0,16.0
2026-06-16,WNBA,aliyah boston,ind,tor,26.0,1,1,18.0,11.0,4.0,1.0,2.0,2.0,3.0,33.0,29.0,22.0,15.0
2026-06-18,WNBA,aliyah boston,ind,atl,34.0,1,1,23.0,8.0,3.0,1.0,1.0,3.0,4.0,34.0,31.0,26.0,11.0
2026-05-09,WNBA,allisha gray,atl,min,33.0,1,1,24.0,8.0,3.0,1.0,2.0,1.0,4.0,35.0,32.0,27.0,11.0
2026-05-12,WNBA,allisha gray,atl,dal,34.0,1,1,26.0,4.0,0.0,4.0,0.0,1.0,0.0,30.0,30.0,26.0,4.0
2026-05-17,WNBA,allisha gray,atl,lva,37.0,1,1,25.0,9.0,1.0,1.0,0.0,1.0,2.0,35.0,34.0,26.0,10.0
2026-05-22,WNBA,allisha gray,atl,dal,34.0,1,1,16.0,4.0,1.0,0.0,1.0,1.0,1.0,21.0,20.0,17.0,5.0
2026-05-24,WNBA,allisha gray,atl,phx,36.0,1,1,18.0,1.0,0.0,2.0,1.0,0.0,3.0,19.0,19.0,18.0,1.0
2026-05-27,WNBA,allisha gray,atl,min,31.0,1,1,21.0,0.0,3.0,5.0,1.0,0.0,3.0,24.0,21.0,24.0,3.0
2026-05-29,WNBA,allisha gray,atl,pdx,30.0,1,1,13.0,3.0,1.0,3.0,3.0,0.0,1.0,17.0,16.0,14.0,4.0
2026-06-02,WNBA,allisha gray,atl,con,36.0,1,1,26.0,7.0,2.0,3.0,1.0,1.0,2.0,35.0,33.0,28.0,9.0
2026-06-04,WNBA,allisha gray,atl,ind,36.0,1,1,13.0,1.0,2.0,0.0,2.0,0.0,1.0,16.0,14.0,15.0,3.0
2026-06-06,WNBA,allisha gray,atl,was,25.0,1,1,15.0,1.0,5.0,1.0,0.0,0.0,1.0,21.0,16.0,20.0,6.0
2026-06-09,WNBA,allisha gray,atl,chi,35.0,1,1,14.0,4.0,1.0,0.0,3.0,0.0,1.0,19.0,18.0,15.0,5.0
2026-06-11,WNBA,allisha gray,atl,nyl,31.0,1,1,18.0,3.0,2.0,1.0,1.0,0.0,0.0,23.0,21.0,20.0,5.0
2026-06-14,WNBA,allisha gray,atl,tor,35.0,1,1,26.0,3.0,7.0,5.0,1.0,0.0,0.0,36.0,29.0,33.0,10.0
2026-06-18,WNBA,allisha gray,atl,ind,34.0,1,1,17.0,0.0,3.0,1.0,3.0,0.0,2.0,20.0,17.0,20.0,3.0
2026-05-09,WNBA,alyssa thomas,phx,lva,26.0,1,1,20.0,6.0,9.0,0.0,3.0,0.0,1.0,35.0,26.0,29.0,15.0
2026-05-10,WNBA,alyssa thomas,phx,gsv,38.0,1,1,19.0,9.0,11.0,0.0,0.0,0.0,6.0,39.0,28.0,30.0,20.0
2026-05-12,WNBA,alyssa thomas,phx,min,34.0,1,1,10.0,4.0,8.0,0.0,2.0,0.0,4.0,22.0,14.0,18.0,12.0
2026-05-15,WNBA,alyssa thomas,phx,chi,33.0,1,1,17.0,11.0,6.0,0.0,0.0,1.0,4.0,34.0,28.0,23.0,17.0
2026-05-19,WNBA,alyssa thomas,phx,tor,35.0,1,1,17.0,6.0,8.0,0.0,3.0,0.0,2.0,31.0,23.0,25.0,14.0
2026-05-21,WNBA,alyssa thomas,phx,las,35.0,1,1,23.0,7.0,7.0,0.0,2.0,0.0,3.0,37.0,30.0,30.0,14.0
2026-05-24,WNBA,alyssa thomas,phx,atl,36.0,1,1,20.0,12.0,7.0,0.0,2.0,0.0,4.0,39.0,32.0,27.0,19.0
2026-05-27,WNBA,alyssa thomas,phx,nyl,32.0,1,1,9.0,7.0,9.0,0.0,3.0,0.0,4.0,25.0,16.0,18.0,16.0
2026-05-29,WNBA,alyssa thomas,phx,nyl,36.0,1,1,15.0,3.0,8.0,0.0,3.0,1.0,3.0,26.0,18.0,23.0,11.0
2026-06-01,WNBA,alyssa thomas,phx,min,25.0,1,1,6.0,3.0,5.0,0.0,0.0,0.0,3.0,14.0,9.0,11.0,8.0
2026-06-03,WNBA,alyssa thomas,phx,sea,34.0,1,1,9.0,9.0,5.0,0.0,2.0,0.0,4.0,23.0,18.0,14.0,14.0
2026-06-09,WNBA,alyssa thomas,phx,gsv,32.0,1,1,22.0,8.0,9.0,0.0,1.0,0.0,4.0,39.0,30.0,31.0,17.0
2026-06-11,WNBA,alyssa thomas,phx,dal,32.0,1,1,6.0,9.0,10.0,0.0,2.0,0.0,6.0,25.0,15.0,16.0,19.0
2026-06-13,WNBA,alyssa thomas,phx,las,41.0,1,1,10.0,7.0,12.0,0.0,0.0,1.0,2.0,29.0,17.0,22.0,19.0
2026-06-17,WNBA,alyssa thomas,phx,lva,35.0,1,1,10.0,5.0,11.0,0.0,0.0,0.0,6.0,26.0,15.0,21.0,16.0
2026-05-09,WNBA,angel reese,atl,min,32.0,1,1,11.0,14.0,2.0,0.0,2.0,3.0,5.0,27.0,25.0,13.0,16.0
2026-05-12,WNBA,angel reese,atl,dal,34.0,1,1,12.0,16.0,2.0,0.0,1.0,1.0,3.0,30.0,28.0,14.0,18.0
2026-05-17,WNBA,angel reese,atl,lva,29.0,1,1,9.0,8.0,3.0,0.0,0.0,1.0,8.0,20.0,17.0,12.0,11.0
2026-05-22,WNBA,angel reese,atl,dal,32.0,1,1,15.0,9.0,2.0,0.0,0.0,0.0,5.0,26.0,24.0,17.0,11.0
2026-05-24,WNBA,angel reese,atl,phx,32.0,1,1,17.0,10.0,4.0,0.0,4.0,1.0,3.0,31.0,27.0,21.0,14.0
2026-05-27,WNBA,angel reese,atl,min,27.0,1,1,10.0,8.0,5.0,0.0,1.0,0.0,2.0,23.0,18.0,15.0,13.0
2026-05-29,WNBA,angel reese,atl,pdx,32.0,1,1,18.0,12.0,5.0,0.0,0.0,1.0,4.0,35.0,30.0,23.0,17.0
2026-06-02,WNBA,angel reese,atl,con,29.0,1,1,12.0,13.0,5.0,1.0,1.0,0.0,2.0,30.0,25.0,17.0,18.0
2026-06-04,WNBA,angel reese,atl,ind,31.0,1,1,11.0,10.0,3.0,0.0,0.0,2.0,4.0,24.0,21.0,14.0,13.0
2026-06-06,WNBA,angel reese,atl,was,25.0,1,1,18.0,17.0,0.0,0.0,4.0,1.0,3.0,35.0,35.0,18.0,17.0
2026-06-09,WNBA,angel reese,atl,chi,35.0,1,1,17.0,17.0,4.0,1.0,2.0,0.0,6.0,38.0,34.0,21.0,21.0
2026-06-11,WNBA,angel reese,atl,nyl,33.0,1,1,25.0,9.0,3.0,0.0,2.0,1.0,2.0,37.0,34.0,28.0,12.0
2026-06-14,WNBA,angel reese,atl,tor,27.0,1,1,15.0,17.0,1.0,0.0,1.0,1.0,2.0,33.0,32.0,16.0,18.0
2026-06-18,WNBA,angel reese,atl,ind,29.0,1,1,21.0,11.0,1.0,0.0,0.0,0.0,4.0,33.0,32.0,22.0,12.0
2026-05-10,WNBA,ariel atkins,las,lva,32.0,1,1,8.0,4.0,3.0,0.0,3.0,0.0,3.0,15.0,12.0,11.0,7.0
2026-05-13,WNBA,ariel atkins,las,ind,16.0,1,1,2.0,2.0,2.0,0.0,1.0,0.0,2.0,6.0,4.0,4.0,4.0
2026-05-21,WNBA,ariel atkins,las,phx,24.0,1,1,11.0,1.0,2.0,3.0,3.0,1.0,2.0,14.0,12.0,13.0,3.0
2026-05-23,WNBA,ariel atkins,las,lva,30.0,1,1,11.0,3.0,3.0,1.0,1.0,0.0,2.0,17.0,14.0,14.0,6.0
2026-05-29,WNBA,ariel atkins,las,was,29.0,1,1,8.0,2.0,2.0,0.0,0.0,0.0,2.0,12.0,10.0,10.0,4.0
2026-05-30,WNBA,ariel atkins,las,con,32.0,1,1,16.0,4.0,1.0,2.0,4.0,3.0,3.0,21.0,20.0,17.0,5.0
2026-06-02,WNBA,ariel atkins,las,lva,29.0,1,1,9.0,7.0,2.0,1.0,2.0,0.0,1.0,18.0,16.0,11.0,9.0
2026-06-05,WNBA,ariel atkins,las,dal,28.0,1,1,16.0,5.0,3.0,4.0,1.0,0.0,2.0,24.0,21.0,19.0,8.0
2026-06-07,WNBA,ariel atkins,las,pdx,18.0,1,1,6.0,2.0,2.0,0.0,1.0,0.0,3.0,10.0,8.0,8.0,4.0
2026-06-10,WNBA,ariel atkins,las,sea,25.0,1,1,7.0,6.0,3.0,1.0,4.0,0.0,0.0,16.0,13.0,10.0,9.0
2026-06-13,WNBA,ariel atkins,las,phx,31.0,1,1,6.0,1.0,3.0,1.0,1.0,0.0,1.0,10.0,7.0,9.0,4.0
2026-05-09,WNBA,arike ogunbowale,dal,ind,29.0,1,1,22.0,1.0,5.0,3.0,0.0,0.0,3.0,28.0,23.0,27.0,6.0
2026-05-12,WNBA,arike ogunbowale,dal,atl,36.0,1,1,20.0,4.0,1.0,0.0,1.0,0.0,2.0,25.0,24.0,21.0,5.0
2026-05-14,WNBA,arike ogunbowale,dal,min,30.0,1,1,6.0,4.0,1.0,1.0,0.0,0.0,1.0,11.0,10.0,7.0,5.0
2026-05-18,WNBA,arike ogunbowale,dal,was,33.0,1,1,16.0,0.0,3.0,2.0,3.0,0.0,0.0,19.0,16.0,19.0,3.0
2026-05-20,WNBA,arike ogunbowale,dal,chi,32.0,1,1,23.0,2.0,5.0,4.0,0.0,0.0,1.0,30.0,25.0,28.0,7.0
2026-05-22,WNBA,arike ogunbowale,dal,atl,25.0,1,1,2.0,0.0,1.0,0.0,0.0,1.0,2.0,3.0,2.0,3.0,1.0
2026-05-24,WNBA,arike ogunbowale,dal,nyl,38.0,1,1,19.0,4.0,5.0,5.0,1.0,0.0,3.0,28.0,23.0,24.0,9.0
2026-05-28,WNBA,arike ogunbowale,dal,lva,18.0,1,1,1.0,0.0,2.0,0.0,0.0,0.0,1.0,3.0,1.0,3.0,2.0
2026-06-01,WNBA,arike ogunbowale,dal,sea,18.0,1,1,9.0,5.0,0.0,0.0,1.0,0.0,1.0,14.0,14.0,9.0,5.0
2026-06-05,WNBA,arike ogunbowale,dal,las,34.0,1,1,30.0,6.0,6.0,6.0,0.0,0.0,3.0,42.0,36.0,36.0,12.0
2026-06-09,WNBA,arike ogunbowale,dal,min,28.0,1,1,16.0,3.0,6.0,2.0,3.0,0.0,0.0,25.0,19.0,22.0,9.0
2026-06-11,WNBA,arike ogunbowale,dal,phx,29.0,1,1,2.0,6.0,1.0,0.0,2.0,0.0,4.0,9.0,8.0,3.0,7.0
2026-06-13,WNBA,arike ogunbowale,dal,pdx,35.0,1,1,22.0,6.0,2.0,2.0,0.0,0.0,2.0,30.0,28.0,24.0,8.0
2026-06-15,WNBA,arike ogunbowale,dal,lva,30.0,1,1,22.0,4.0,7.0,5.0,2.0,0.0,0.0,33.0,26.0,29.0,11.0
2026-06-17,WNBA,arike ogunbowale,dal,gsv,28.0,1,1,21.0,2.0,3.0,3.0,1.0,0.0,0.0,26.0,23.0,24.0,5.0
2026-05-24,WNBA,awa fam,sea,was,20.0,1,1,10.0,2.0,0.0,0.0,1.0,0.0,2.0,12.0,12.0,10.0,2.0
2026-05-27,WNBA,awa fam,sea,was,17.0,1,1,6.0,5.0,0.0,0.0,0.0,0.0,1.0,11.0,11.0,6.0,5.0
2026-05-30,WNBA,awa fam,sea,tor,24.0,1,1,7.0,5.0,0.0,0.0,0.0,1.0,2.0,12.0,12.0,7.0,5.0
2026-06-01,WNBA,awa fam,sea,dal,31.0,1,1,8.0,7.0,1.0,0.0,4.0,0.0,2.0,16.0,15.0,9.0,8.0
2026-06-03,WNBA,awa fam,sea,phx,33.0,1,1,18.0,6.0,2.0,0.0,1.0,2.0,2.0,26.0,24.0,20.0,8.0
2026-06-06,WNBA,awa fam,sea,min,30.0,1,1,5.0,4.0,4.0,1.0,0.0,0.0,4.0,13.0,9.0,9.0,8.0
2026-06-08,WNBA,awa fam,sea,lva,29.0,1,1,16.0,3.0,1.0,1.0,0.0,0.0,3.0,20.0,19.0,17.0,4.0
2026-06-10,WNBA,awa fam,sea,las,30.0,1,1,12.0,6.0,4.0,2.0,0.0,2.0,3.0,22.0,18.0,16.0,10.0
2026-06-12,WNBA,awa fam,sea,gsv,35.0,1,1,8.0,6.0,1.0,2.0,0.0,1.0,1.0,15.0,14.0,9.0,7.0
2026-06-17,WNBA,awa fam,sea,pdx,29.0,1,1,18.0,5.0,1.0,3.0,0.0,0.0,1.0,24.0,23.0,19.0,6.0
2026-05-09,WNBA,aziaha james,dal,ind,16.0,1,1,10.0,2.0,2.0,3.0,0.0,1.0,2.0,14.0,12.0,12.0,4.0
2026-05-12,WNBA,aziaha james,dal,atl,15.0,1,1,6.0,2.0,0.0,0.0,2.0,1.0,0.0,8.0,8.0,6.0,2.0
2026-05-14,WNBA,aziaha james,dal,min,11.0,1,1,4.0,2.0,0.0,0.0,2.0,0.0,1.0,6.0,6.0,4.0,2.0
2026-05-18,WNBA,aziaha james,dal,was,7.0,1,1,8.0,2.0,0.0,1.0,1.0,0.0,0.0,10.0,10.0,8.0,2.0
2026-05-20,WNBA,aziaha james,dal,chi,8.0,1,1,4.0,4.0,0.0,0.0,1.0,0.0,1.0,8.0,8.0,4.0,4.0
2026-05-22,WNBA,aziaha james,dal,atl,18.0,1,1,6.0,4.0,5.0,1.0,3.0,1.0,1.0,15.0,10.0,11.0,9.0
2026-05-24,WNBA,aziaha james,dal,nyl,4.0,1,1,2.0,1.0,0.0,0.0,0.0,0.0,0.0,3.0,3.0,2.0,1.0
2026-05-28,WNBA,aziaha james,dal,lva,6.0,1,1,2.0,1.0,1.0,0.0,0.0,0.0,0.0,4.0,3.0,3.0,2.0
2026-06-01,WNBA,aziaha james,dal,sea,18.0,1,1,18.0,3.0,1.0,1.0,0.0,0.0,0.0,22.0,21.0,19.0,4.0
2026-06-05,WNBA,aziaha james,dal,las,10.0,1,1,3.0,1.0,3.0,0.0,1.0,0.0,0.0,7.0,4.0,6.0,4.0
2026-06-09,WNBA,aziaha james,dal,min,16.0,1,1,9.0,5.0,0.0,1.0,0.0,0.0,0.0,14.0,14.0,9.0,5.0
2026-06-11,WNBA,aziaha james,dal,phx,17.0,1,1,7.0,1.0,4.0,0.0,3.0,0.0,1.0,12.0,8.0,11.0,5.0
2026-06-13,WNBA,aziaha james,dal,pdx,34.0,1,1,17.0,6.0,4.0,1.0,2.0,0.0,1.0,27.0,23.0,21.0,10.0
2026-05-23,WNBA,azurá stevens,chi,min,16.0,1,1,6.0,3.0,1.0,0.0,1.0,1.0,2.0,10.0,9.0,7.0,4.0
2026-05-27,WNBA,azurá stevens,chi,tor,15.0,1,1,10.0,0.0,3.0,1.0,1.0,0.0,0.0,13.0,10.0,13.0,3.0
2026-05-29,WNBA,azurá stevens,chi,min,18.0,1,1,4.0,1.0,2.0,0.0,0.0,0.0,1.0,7.0,5.0,6.0,3.0
2026-06-02,WNBA,azurá stevens,chi,was,19.0,1,1,7.0,5.0,3.0,1.0,1.0,2.0,3.0,15.0,12.0,10.0,8.0
2026-06-05,WNBA,azurá stevens,chi,con,20.0,1,1,13.0,10.0,1.0,1.0,1.0,0.0,0.0,24.0,23.0,14.0,11.0
2026-06-07,WNBA,azurá stevens,chi,tor,24.0,1,1,18.0,10.0,0.0,0.0,0.0,0.0,0.0,28.0,28.0,18.0,10.0
2026-06-09,WNBA,azurá stevens,chi,atl,23.0,1,1,8.0,7.0,0.0,0.0,1.0,0.0,1.0,15.0,15.0,8.0,7.0
2026-06-11,WNBA,azurá stevens,chi,ind,26.0,1,1,10.0,9.0,6.0,0.0,1.0,1.0,1.0,25.0,19.0,16.0,15.0
2026-06-17,WNBA,azurá stevens,chi,nyl,20.0,1,1,6.0,6.0,0.0,0.0,0.0,0.0,4.0,12.0,12.0,6.0,6.0
2026-05-09,WNBA,azzi fudd,dal,ind,18.0,1,1,3.0,1.0,0.0,1.0,1.0,0.0,0.0,4.0,4.0,3.0,1.0
2026-05-14,WNBA,azzi fudd,dal,min,20.0,1,1,8.0,1.0,0.0,0.0,1.0,1.0,2.0,9.0,9.0,8.0,1.0
2026-05-18,WNBA,azzi fudd,dal,was,24.0,1,1,12.0,2.0,3.0,0.0,1.0,0.0,1.0,17.0,14.0,15.0,5.0
2026-05-20,WNBA,azzi fudd,dal,chi,28.0,1,1,12.0,0.0,1.0,2.0,0.0,0.0,1.0,13.0,12.0,13.0,1.0
2026-05-22,WNBA,azzi fudd,dal,atl,21.0,1,1,7.0,1.0,0.0,1.0,1.0,3.0,0.0,8.0,8.0,7.0,1.0
2026-05-24,WNBA,azzi fudd,dal,nyl,32.0,1,1,24.0,2.0,3.0,6.0,3.0,2.0,1.0,29.0,26.0,27.0,5.0
2026-05-28,WNBA,azzi fudd,dal,lva,38.0,1,1,22.0,3.0,2.0,3.0,1.0,1.0,0.0,27.0,25.0,24.0,5.0
2026-06-01,WNBA,azzi fudd,dal,sea,24.0,1,1,9.0,1.0,0.0,1.0,1.0,1.0,0.0,10.0,10.0,9.0,1.0
2026-06-05,WNBA,azzi fudd,dal,las,35.0,1,1,11.0,1.0,2.0,1.0,2.0,0.0,0.0,14.0,12.0,13.0,3.0
2026-06-09,WNBA,azzi fudd,dal,min,30.0,1,1,6.0,0.0,0.0,2.0,2.0,0.0,2.0,6.0,6.0,6.0,0.0
2026-06-11,WNBA,azzi fudd,dal,phx,34.0,1,1,17.0,3.0,4.0,1.0,1.0,3.0,2.0,24.0,20.0,21.0,7.0
2026-06-13,WNBA,azzi fudd,dal,pdx,32.0,1,1,18.0,4.0,3.0,3.0,2.0,2.0,1.0,25.0,22.0,21.0,7.0
2026-06-15,WNBA,azzi fudd,dal,lva,28.0,1,1,19.0,0.0,1.0,1.0,0.0,0.0,1.0,20.0,19.0,20.0,1.0
2026-06-17,WNBA,azzi fudd,dal,gsv,37.0,1,1,10.0,1.0,1.0,2.0,5.0,1.0,1.0,12.0,11.0,11.0,2.0
2026-05-08,WNBA,breanna stewart,nyl,con,28.0,1,1,31.0,10.0,2.0,0.0,1.0,3.0,4.0,43.0,41.0,33.0,12.0
2026-05-10,WNBA,breanna stewart,nyl,was,39.0,1,1,23.0,9.0,4.0,1.0,2.0,2.0,4.0,36.0,32.0,27.0,13.0
2026-05-12,WNBA,breanna stewart,nyl,pdx,38.0,1,1,16.0,10.0,4.0,0.0,2.0,3.0,2.0,30.0,26.0,20.0,14.0
2026-05-14,WNBA,breanna stewart,nyl,pdx,28.0,1,1,22.0,7.0,1.0,1.0,0.0,0.0,2.0,30.0,29.0,23.0,8.0
2026-05-21,WNBA,breanna stewart,nyl,gsv,30.0,1,1,18.0,9.0,2.0,0.0,0.0,1.0,1.0,29.0,27.0,20.0,11.0
2026-05-24,WNBA,breanna stewart,nyl,dal,34.0,1,1,14.0,11.0,3.0,0.0,1.0,0.0,2.0,28.0,25.0,17.0,14.0
2026-05-25,WNBA,breanna stewart,nyl,pdx,33.0,1,1,25.0,7.0,0.0,2.0,3.0,1.0,3.0,32.0,32.0,25.0,7.0
2026-05-27,WNBA,breanna stewart,nyl,phx,34.0,1,1,11.0,6.0,2.0,0.0,1.0,0.0,4.0,19.0,17.0,13.0,8.0
2026-05-29,WNBA,breanna stewart,nyl,phx,29.0,1,1,9.0,8.0,4.0,1.0,1.0,0.0,2.0,21.0,17.0,13.0,12.0
2026-06-03,WNBA,breanna stewart,nyl,tor,30.0,1,1,19.0,9.0,4.0,1.0,0.0,1.0,1.0,32.0,28.0,23.0,13.0
2026-06-06,WNBA,breanna stewart,nyl,ind,33.0,1,1,30.0,8.0,2.0,0.0,4.0,0.0,2.0,40.0,38.0,32.0,10.0
2026-06-08,WNBA,breanna stewart,nyl,con,34.0,1,1,28.0,9.0,3.0,1.0,3.0,0.0,2.0,40.0,37.0,31.0,12.0
2026-06-11,WNBA,breanna stewart,nyl,atl,35.0,1,1,19.0,11.0,5.0,0.0,2.0,1.0,4.0,35.0,30.0,24.0,16.0
2026-06-14,WNBA,breanna stewart,nyl,was,30.0,1,1,14.0,12.0,1.0,1.0,0.0,7.0,1.0,27.0,26.0,15.0,13.0
2026-05-09,WNBA,bridget carleton,pdx,chi,30.0,1,1,13.0,1.0,4.0,3.0,1.0,1.0,0.0,18.0,14.0,17.0,5.0
2026-05-12,WNBA,bridget carleton,pdx,nyl,33.0,1,1,26.0,1.0,0.0,5.0,4.0,0.0,0.0,27.0,27.0,26.0,1.0
2026-05-14,WNBA,bridget carleton,pdx,nyl,25.0,1,1,11.0,5.0,2.0,2.0,1.0,0.0,1.0,18.0,16.0,13.0,7.0
2026-05-18,WNBA,bridget carleton,pdx,con,33.0,1,1,18.0,5.0,3.0,2.0,3.0,1.0,2.0,26.0,23.0,21.0,8.0
2026-05-20,WNBA,bridget carleton,pdx,ind,25.0,1,1,16.0,3.0,0.0,2.0,3.0,0.0,0.0,19.0,19.0,16.0,3.0
2026-05-23,WNBA,bridget carleton,pdx,tor,28.0,1,1,15.0,2.0,3.0,4.0,2.0,0.0,2.0,20.0,17.0,18.0,5.0
2026-05-25,WNBA,bridget carleton,pdx,nyl,30.0,1,1,10.0,3.0,2.0,1.0,2.0,0.0,1.0,15.0,13.0,12.0,5.0
2026-05-27,WNBA,bridget carleton,pdx,con,29.0,1,1,13.0,7.0,3.0,2.0,1.0,0.0,2.0,23.0,20.0,16.0,10.0
2026-05-30,WNBA,bridget carleton,pdx,ind,32.0,1,1,14.0,2.0,3.0,2.0,3.0,2.0,0.0,19.0,16.0,17.0,5.0
2026-06-02,WNBA,bridget carleton,pdx,gsv,30.0,1,1,11.0,3.0,1.0,2.0,1.0,0.0,0.0,15.0,14.0,12.0,4.0
2026-06-05,WNBA,bridget carleton,pdx,phx,27.0,1,1,6.0,4.0,2.0,0.0,1.0,0.0,4.0,12.0,10.0,8.0,6.0
2026-06-07,WNBA,bridget carleton,pdx,las,26.0,1,1,7.0,7.0,2.0,1.0,0.0,0.0,3.0,16.0,14.0,9.0,9.0
2026-06-11,WNBA,bridget carleton,pdx,lva,33.0,1,1,13.0,1.0,0.0,3.0,1.0,0.0,2.0,14.0,14.0,13.0,1.0
2026-06-13,WNBA,bridget carleton,pdx,dal,31.0,1,1,20.0,4.0,1.0,6.0,1.0,0.0,2.0,25.0,24.0,21.0,5.0
2026-05-08,WNBA,brittney sykes,tor,was,28.0,1,1,14.0,3.0,2.0,0.0,3.0,0.0,2.0,19.0,17.0,16.0,5.0
2026-05-13,WNBA,brittney sykes,tor,sea,33.0,1,1,18.0,8.0,6.0,0.0,1.0,1.0,4.0,32.0,26.0,24.0,14.0
2026-05-15,WNBA,brittney sykes,tor,las,35.0,1,1,27.0,4.0,7.0,2.0,4.0,0.0,3.0,38.0,31.0,34.0,11.0
2026-05-17,WNBA,brittney sykes,tor,las,38.0,1,1,38.0,1.0,3.0,3.0,3.0,1.0,3.0,42.0,39.0,41.0,4.0
2026-05-19,WNBA,brittney sykes,tor,phx,35.0,1,1,31.0,7.0,6.0,4.0,0.0,0.0,0.0,44.0,38.0,37.0,13.0
2026-05-21,WNBA,brittney sykes,tor,min,20.0,1,1,6.0,3.0,4.0,1.0,0.0,0.0,1.0,13.0,9.0,10.0,7.0
2026-05-23,WNBA,brittney sykes,tor,pdx,34.0,1,1,10.0,0.0,5.0,0.0,1.0,0.0,7.0,15.0,10.0,15.0,5.0
2026-05-27,WNBA,brittney sykes,tor,chi,35.0,1,1,20.0,6.0,2.0,1.0,0.0,1.0,0.0,28.0,26.0,22.0,8.0
2026-05-30,WNBA,brittney sykes,tor,sea,29.0,1,1,15.0,3.0,2.0,0.0,1.0,0.0,1.0,20.0,18.0,17.0,5.0
2026-06-03,WNBA,brittney sykes,tor,nyl,34.0,1,1,17.0,5.0,1.0,0.0,3.0,1.0,2.0,23.0,22.0,18.0,6.0
2026-06-07,WNBA,brittney sykes,tor,chi,30.0,1,1,25.0,7.0,3.0,0.0,1.0,0.0,0.0,35.0,32.0,28.0,10.0
2026-06-10,WNBA,brittney sykes,tor,con,41.0,1,1,38.0,4.0,1.0,3.0,2.0,1.0,2.0,43.0,42.0,39.0,5.0
2026-06-12,WNBA,brittney sykes,tor,was,31.0,1,1,20.0,2.0,3.0,1.0,1.0,1.0,5.0,25.0,22.0,23.0,5.0
2026-06-14,WNBA,brittney sykes,tor,atl,35.0,1,1,11.0,2.0,4.0,0.0,0.0,1.0,4.0,17.0,13.0,15.0,6.0
2026-05-09,WNBA,caitlin clark,ind,dal,31.0,1,1,20.0,5.0,7.0,2.0,0.0,0.0,5.0,32.0,25.0,27.0,12.0
2026-05-13,WNBA,caitlin clark,ind,las,31.0,1,1,24.0,4.0,9.0,1.0,2.0,1.0,6.0,37.0,28.0,33.0,13.0
2026-05-15,WNBA,caitlin clark,ind,was,37.0,1,1,32.0,4.0,10.0,7.0,2.0,1.0,4.0,46.0,36.0,42.0,14.0
2026-05-17,WNBA,caitlin clark,ind,sea,24.0,1,1,21.0,7.0,10.0,2.0,0.0,2.0,5.0,38.0,28.0,31.0,17.0
2026-05-22,WNBA,caitlin clark,ind,gsv,32.0,1,1,22.0,2.0,9.0,4.0,1.0,1.0,6.0,33.0,24.0,31.0,11.0
2026-05-28,WNBA,caitlin clark,ind,gsv,29.0,1,1,16.0,4.0,6.0,2.0,3.0,1.0,5.0,26.0,20.0,22.0,10.0
2026-05-30,WNBA,caitlin clark,ind,pdx,22.0,1,1,6.0,2.0,6.0,0.0,1.0,0.0,1.0,14.0,8.0,12.0,8.0
2026-06-04,WNBA,caitlin clark,ind,atl,31.0,1,1,17.0,7.0,8.0,2.0,0.0,1.0,3.0,32.0,24.0,25.0,15.0
2026-06-06,WNBA,caitlin clark,ind,nyl,34.0,1,1,10.0,7.0,9.0,2.0,0.0,1.0,3.0,26.0,17.0,19.0,16.0
2026-06-08,WNBA,caitlin clark,ind,was,31.0,1,1,19.0,3.0,5.0,4.0,1.0,0.0,5.0,27.0,22.0,24.0,8.0
2026-06-11,WNBA,caitlin clark,ind,chi,40.0,1,1,32.0,7.0,10.0,1.0,0.0,0.0,5.0,49.0,39.0,42.0,17.0
2026-06-13,WNBA,caitlin clark,ind,con,36.0,1,1,25.0,3.0,5.0,5.0,0.0,1.0,6.0,33.0,28.0,30.0,8.0
2026-06-16,WNBA,caitlin clark,ind,tor,32.0,1,1,21.0,5.0,14.0,1.0,1.0,1.0,6.0,40.0,26.0,35.0,19.0
2026-06-18,WNBA,caitlin clark,ind,atl,31.0,1,1,26.0,2.0,7.0,2.0,0.0,0.0,5.0,35.0,28.0,33.0,9.0
2026-05-10,WNBA,cameron brink,las,lva,8.0,1,1,0.0,3.0,0.0,0.0,0.0,0.0,3.0,3.0,3.0,0.0,3.0
2026-05-13,WNBA,cameron brink,las,ind,19.0,1,1,11.0,5.0,1.0,0.0,1.0,3.0,3.0,17.0,16.0,12.0,6.0
2026-05-15,WNBA,cameron brink,las,tor,16.0,1,1,10.0,3.0,1.0,0.0,1.0,1.0,1.0,14.0,13.0,11.0,4.0
2026-05-17,WNBA,cameron brink,las,tor,18.0,1,1,7.0,2.0,2.0,0.0,0.0,2.0,1.0,11.0,9.0,9.0,4.0
2026-05-21,WNBA,cameron brink,las,phx,19.0,1,1,12.0,5.0,1.0,1.0,1.0,3.0,6.0,18.0,17.0,13.0,6.0
2026-05-23,WNBA,cameron brink,las,lva,24.0,1,1,16.0,8.0,0.0,2.0,1.0,1.0,6.0,24.0,24.0,16.0,8.0
2026-05-29,WNBA,cameron brink,las,was,17.0,1,1,16.0,2.0,1.0,2.0,1.0,1.0,2.0,19.0,18.0,17.0,3.0
2026-05-30,WNBA,cameron brink,las,con,18.0,1,1,2.0,4.0,3.0,0.0,1.0,1.0,5.0,9.0,6.0,5.0,7.0
2026-06-02,WNBA,cameron brink,las,lva,25.0,1,1,9.0,8.0,3.0,1.0,0.0,2.0,1.0,20.0,17.0,12.0,11.0
2026-06-05,WNBA,cameron brink,las,dal,15.0,1,1,10.0,5.0,0.0,1.0,0.0,1.0,3.0,15.0,15.0,10.0,5.0
2026-06-07,WNBA,cameron brink,las,pdx,10.0,1,1,2.0,0.0,0.0,0.0,1.0,1.0,2.0,2.0,2.0,2.0,0.0
2026-06-10,WNBA,cameron brink,las,sea,18.0,1,1,15.0,6.0,1.0,2.0,0.0,2.0,1.0,22.0,21.0,16.0,7.0
2026-06-13,WNBA,cameron brink,las,phx,22.0,1,1,9.0,9.0,2.0,2.0,1.0,2.0,0.0,20.0,18.0,11.0,11.0
2026-05-09,WNBA,carla leite,pdx,chi,29.0,1,1,18.0,3.0,3.0,1.0,0.0,0.0,1.0,24.0,21.0,21.0,6.0
2026-05-12,WNBA,carla leite,pdx,nyl,26.0,1,1,21.0,4.0,6.0,0.0,1.0,0.0,2.0,31.0,25.0,27.0,10.0
2026-05-20,WNBA,carla leite,pdx,ind,14.0,1,1,6.0,1.0,1.0,0.0,1.0,0.0,4.0,8.0,7.0,7.0,2.0
2026-05-23,WNBA,carla leite,pdx,tor,22.0,1,1,15.0,3.0,9.0,0.0,0.0,0.0,4.0,27.0,18.0,24.0,12.0
2026-05-25,WNBA,carla leite,pdx,nyl,22.0,1,1,18.0,0.0,2.0,1.0,1.0,0.0,4.0,20.0,18.0,20.0,2.0
2026-05-27,WNBA,carla leite,pdx,con,23.0,1,1,20.0,0.0,3.0,2.0,1.0,0.0,4.0,23.0,20.0,23.0,3.0
2026-05-29,WNBA,carla leite,pdx,atl,24.0,1,1,11.0,1.0,4.0,1.0,0.0,0.0,4.0,16.0,12.0,15.0,5.0
2026-05-30,WNBA,carla leite,pdx,ind,27.0,1,1,18.0,1.0,12.0,0.0,0.0,0.0,4.0,31.0,19.0,30.0,13.0
2026-06-02,WNBA,carla leite,pdx,gsv,24.0,1,1,10.0,1.0,7.0,0.0,0.0,0.0,4.0,18.0,11.0,17.0,8.0
2026-06-05,WNBA,carla leite,pdx,phx,24.0,1,1,7.0,2.0,4.0,1.0,1.0,0.0,3.0,13.0,9.0,11.0,6.0
2026-06-07,WNBA,carla leite,pdx,las,25.0,1,1,10.0,4.0,4.0,0.0,0.0,1.0,4.0,18.0,14.0,14.0,8.0
2026-06-11,WNBA,carla leite,pdx,lva,28.0,1,1,18.0,3.0,8.0,1.0,1.0,0.0,0.0,29.0,21.0,26.0,11.0
2026-06-13,WNBA,carla leite,pdx,dal,27.0,1,1,10.0,5.0,8.0,2.0,0.0,0.0,4.0,23.0,15.0,18.0,13.0
2026-05-08,WNBA,cecilia zandalasini,gsv,sea,7.0,1,1,8.0,2.0,1.0,1.0,1.0,0.0,0.0,11.0,10.0,9.0,3.0
2026-05-25,WNBA,cecilia zandalasini,gsv,con,14.0,1,1,6.0,1.0,1.0,2.0,0.0,0.0,2.0,8.0,7.0,7.0,2.0
2026-05-28,WNBA,cecilia zandalasini,gsv,ind,14.0,1,1,8.0,0.0,3.0,2.0,0.0,0.0,1.0,11.0,8.0,11.0,3.0
2026-05-31,WNBA,cecilia zandalasini,gsv,lva,21.0,1,1,9.0,4.0,1.0,2.0,0.0,0.0,4.0,14.0,13.0,10.0,5.0
2026-06-02,WNBA,cecilia zandalasini,gsv,pdx,23.0,1,1,9.0,1.0,3.0,1.0,4.0,0.0,2.0,13.0,10.0,12.0,4.0
2026-06-04,WNBA,cecilia zandalasini,gsv,min,27.0,1,1,18.0,3.0,3.0,4.0,1.0,0.0,2.0,24.0,21.0,21.0,6.0
2026-06-06,WNBA,cecilia zandalasini,gsv,lva,16.0,1,1,4.0,1.0,0.0,0.0,1.0,0.0,1.0,5.0,5.0,4.0,1.0
2026-06-09,WNBA,cecilia zandalasini,gsv,phx,17.0,1,1,0.0,0.0,1.0,0.0,3.0,0.0,2.0,1.0,0.0,1.0,1.0
2026-05-09,WNBA,chelsea gray,lva,phx,22.0,1,1,4.0,1.0,6.0,0.0,0.0,2.0,3.0,11.0,5.0,10.0,7.0
2026-05-10,WNBA,chelsea gray,lva,las,32.0,1,1,16.0,3.0,5.0,4.0,0.0,0.0,6.0,24.0,19.0,21.0,8.0
2026-05-13,WNBA,chelsea gray,lva,con,26.0,1,1,7.0,6.0,6.0,1.0,1.0,1.0,2.0,19.0,13.0,13.0,12.0
2026-05-15,WNBA,chelsea gray,lva,con,31.0,1,1,12.0,7.0,10.0,3.0,1.0,0.0,5.0,29.0,19.0,22.0,17.0
2026-05-17,WNBA,chelsea gray,lva,atl,33.0,1,1,21.0,5.0,6.0,5.0,1.0,1.0,3.0,32.0,26.0,27.0,11.0
2026-05-23,WNBA,chelsea gray,lva,las,37.0,1,1,12.0,2.0,7.0,0.0,1.0,2.0,3.0,21.0,14.0,19.0,9.0
2026-05-28,WNBA,chelsea gray,lva,dal,34.0,1,1,8.0,3.0,8.0,1.0,1.0,1.0,1.0,19.0,11.0,16.0,11.0
2026-05-31,WNBA,chelsea gray,lva,gsv,36.0,1,1,5.0,2.0,6.0,0.0,2.0,0.0,5.0,13.0,7.0,11.0,8.0
2026-06-02,WNBA,chelsea gray,lva,las,34.0,1,1,12.0,4.0,11.0,1.0,2.0,0.0,1.0,27.0,16.0,23.0,15.0
2026-06-06,WNBA,chelsea gray,lva,gsv,36.0,1,1,12.0,6.0,6.0,2.0,2.0,0.0,4.0,24.0,18.0,18.0,12.0
2026-06-08,WNBA,chelsea gray,lva,sea,35.0,1,1,12.0,5.0,8.0,1.0,0.0,0.0,1.0,25.0,17.0,20.0,13.0
2026-06-11,WNBA,chelsea gray,lva,pdx,37.0,1,1,29.0,5.0,3.0,9.0,0.0,0.0,5.0,37.0,34.0,32.0,8.0
2026-06-13,WNBA,chelsea gray,lva,min,34.0,1,1,23.0,4.0,7.0,6.0,2.0,0.0,3.0,34.0,27.0,30.0,11.0
2026-05-09,WNBA,chennedy carter,lva,phx,19.0,1,1,10.0,2.0,2.0,0.0,2.0,0.0,3.0,14.0,12.0,12.0,4.0
2026-05-10,WNBA,chennedy carter,lva,las,20.0,1,1,22.0,1.0,0.0,1.0,2.0,0.0,2.0,23.0,23.0,22.0,1.0
2026-05-13,WNBA,chennedy carter,lva,con,25.0,1,1,27.0,8.0,4.0,1.0,2.0,0.0,4.0,39.0,35.0,31.0,12.0
2026-05-15,WNBA,chennedy carter,lva,con,22.0,1,1,18.0,1.0,1.0,0.0,2.0,1.0,1.0,20.0,19.0,19.0,2.0
2026-05-17,WNBA,chennedy carter,lva,atl,21.0,1,1,20.0,2.0,3.0,1.0,0.0,0.0,2.0,25.0,22.0,23.0,5.0
2026-05-23,WNBA,chennedy carter,lva,las,26.0,1,1,23.0,3.0,3.0,4.0,1.0,1.0,3.0,29.0,26.0,26.0,6.0
2026-05-28,WNBA,chennedy carter,lva,dal,19.0,1,1,14.0,1.0,0.0,2.0,1.0,0.0,0.0,15.0,15.0,14.0,1.0
2026-05-31,WNBA,chennedy carter,lva,gsv,9.0,1,1,6.0,1.0,0.0,1.0,0.0,1.0,0.0,7.0,7.0,6.0,1.0
2026-05-09,WNBA,courtney williams,min,atl,32.0,1,1,14.0,6.0,6.0,0.0,3.0,0.0,2.0,26.0,20.0,20.0,12.0
2026-05-12,WNBA,courtney williams,min,phx,30.0,1,1,11.0,3.0,5.0,1.0,2.0,2.0,1.0,19.0,14.0,16.0,8.0
2026-05-14,WNBA,courtney williams,min,dal,31.0,1,1,21.0,5.0,3.0,3.0,2.0,0.0,1.0,29.0,26.0,24.0,8.0
2026-05-17,WNBA,courtney williams,min,chi,30.0,1,1,17.0,5.0,3.0,3.0,0.0,0.0,2.0,25.0,22.0,20.0,8.0
2026-05-21,WNBA,courtney williams,min,tor,29.0,1,1,15.0,8.0,3.0,3.0,0.0,0.0,0.0,26.0,23.0,18.0,11.0
2026-05-23,WNBA,courtney williams,min,chi,33.0,1,1,17.0,8.0,3.0,0.0,3.0,2.0,2.0,28.0,25.0,20.0,11.0
2026-05-27,WNBA,courtney williams,min,atl,33.0,1,1,25.0,3.0,7.0,3.0,1.0,0.0,4.0,35.0,28.0,32.0,10.0
2026-05-29,WNBA,courtney williams,min,chi,29.0,1,1,10.0,4.0,5.0,0.0,1.0,0.0,2.0,19.0,14.0,15.0,9.0
2026-06-01,WNBA,courtney williams,min,phx,29.0,1,1,30.0,5.0,2.0,3.0,0.0,1.0,2.0,37.0,35.0,32.0,7.0
2026-06-04,WNBA,courtney williams,min,gsv,34.0,1,1,17.0,7.0,3.0,0.0,1.0,0.0,3.0,27.0,24.0,20.0,10.0
2026-06-06,WNBA,courtney williams,min,sea,27.0,1,1,11.0,5.0,7.0,1.0,2.0,0.0,2.0,23.0,16.0,18.0,12.0
2026-06-09,WNBA,courtney williams,min,dal,31.0,1,1,16.0,8.0,2.0,0.0,3.0,0.0,2.0,26.0,24.0,18.0,10.0
2026-06-13,WNBA,courtney williams,min,lva,33.0,1,1,17.0,5.0,4.0,1.0,0.0,0.0,1.0,26.0,22.0,21.0,9.0
2026-06-15,WNBA,courtney williams,min,pdx,24.0,1,1,16.0,5.0,4.0,2.0,0.0,0.0,2.0,25.0,21.0,20.0,9.0
2026-06-17,WNBA,courtney williams,min,las,26.0,1,1,13.0,1.0,5.0,1.0,0.0,0.0,3.0,19.0,14.0,18.0,6.0
2026-05-10,WNBA,dearica hamby,las,lva,27.0,1,1,12.0,5.0,1.0,0.0,0.0,0.0,3.0,18.0,17.0,13.0,6.0
2026-05-13,WNBA,dearica hamby,las,ind,29.0,1,1,16.0,8.0,1.0,0.0,2.0,0.0,4.0,25.0,24.0,17.0,9.0
2026-05-15,WNBA,dearica hamby,las,tor,32.0,1,1,19.0,7.0,4.0,0.0,0.0,0.0,2.0,30.0,26.0,23.0,11.0
2026-05-17,WNBA,dearica hamby,las,tor,31.0,1,1,21.0,9.0,3.0,1.0,3.0,0.0,1.0,33.0,30.0,24.0,12.0
2026-05-21,WNBA,dearica hamby,las,phx,30.0,1,1,27.0,15.0,3.0,2.0,1.0,0.0,0.0,45.0,42.0,30.0,18.0
2026-05-23,WNBA,dearica hamby,las,lva,36.0,1,1,16.0,5.0,4.0,1.0,1.0,0.0,3.0,25.0,21.0,20.0,9.0
2026-05-29,WNBA,dearica hamby,las,was,30.0,1,1,14.0,7.0,9.0,0.0,4.0,0.0,1.0,30.0,21.0,23.0,16.0
2026-05-30,WNBA,dearica hamby,las,con,30.0,1,1,11.0,7.0,2.0,0.0,1.0,2.0,2.0,20.0,18.0,13.0,9.0
2026-06-02,WNBA,dearica hamby,las,lva,24.0,1,1,2.0,6.0,2.0,0.0,0.0,1.0,0.0,10.0,8.0,4.0,8.0
2026-06-05,WNBA,dearica hamby,las,dal,30.0,1,1,15.0,5.0,1.0,0.0,0.0,0.0,0.0,21.0,20.0,16.0,6.0
2026-06-07,WNBA,dearica hamby,las,pdx,30.0,1,1,22.0,12.0,0.0,0.0,2.0,1.0,0.0,34.0,34.0,22.0,12.0
2026-06-10,WNBA,dearica hamby,las,sea,28.0,1,1,6.0,10.0,0.0,0.0,0.0,0.0,0.0,16.0,16.0,6.0,10.0
2026-06-13,WNBA,dearica hamby,las,phx,28.0,1,1,8.0,6.0,0.0,0.0,2.0,0.0,1.0,14.0,14.0,8.0,6.0
2026-05-09,WNBA,dewanna bonner,phx,lva,22.0,1,1,13.0,7.0,2.0,3.0,1.0,2.0,0.0,22.0,,,
2026-05-10,WNBA,dewanna bonner,phx,gsv,32.0,1,1,5.0,8.0,3.0,0.0,0.0,1.0,1.0,16.0,,,
2026-05-12,WNBA,dewanna bonner,phx,min,30.0,1,1,16.0,7.0,2.0,2.0,0.0,1.0,1.0,25.0,,,
2026-05-15,WNBA,dewanna bonner,phx,chi,33.0,1,1,8.0,7.0,0.0,0.0,1.0,1.0,2.0,15.0,,,
2026-05-19,WNBA,dewanna bonner,phx,tor,30.0,1,1,13.0,4.0,1.0,0.0,1.0,0.0,1.0,18.0,,,
2026-05-21,WNBA,dewanna bonner,phx,las,30.0,1,1,9.0,5.0,1.0,1.0,3.0,1.0,1.0,15.0,,,
2026-05-24,WNBA,dewanna bonner,phx,atl,24.0,1,1,4.0,3.0,1.0,0.0,2.0,0.0,0.0,8.0,,,
2026-05-27,WNBA,dewanna bonner,phx,nyl,24.0,1,1,2.0,5.0,0.0,0.0,0.0,0.0,1.0,7.0,,,
2026-05-29,WNBA,dewanna bonner,phx,nyl,22.0,1,1,4.0,3.0,0.0,0.0,0.0,0.0,0.0,7.0,,,
2026-06-01,WNBA,dewanna bonner,phx,min,7.0,1,1,2.0,1.0,0.0,0.0,0.0,0.0,2.0,3.0,,,
2026-06-03,WNBA,dewanna bonner,phx,sea,25.0,1,1,10.0,2.0,1.0,0.0,2.0,0.0,1.0,13.0,,,
2026-06-05,WNBA,dewanna bonner,phx,pdx,34.0,1,1,19.0,5.0,5.0,3.0,2.0,3.0,1.0,29.0,,,
2026-06-09,WNBA,dewanna bonner,phx,gsv,28.0,1,1,3.0,4.0,0.0,1.0,0.0,1.0,0.0,7.0,,,
2026-05-08,WNBA,dominique malonga,sea,gsv,29.0,1,1,21.0,8.0,0.0,0.0,0.0,2.0,3.0,29.0,29.0,21.0,8.0
2026-05-10,WNBA,dominique malonga,sea,con,20.0,1,1,6.0,7.0,0.0,0.0,2.0,3.0,2.0,13.0,13.0,6.0,7.0
2026-05-13,WNBA,dominique malonga,sea,tor,32.0,1,1,21.0,7.0,1.0,2.0,1.0,1.0,1.0,29.0,28.0,22.0,8.0
2026-06-06,WNBA,dominique malonga,sea,min,14.0,1,1,7.0,2.0,0.0,0.0,2.0,0.0,2.0,9.0,9.0,7.0,2.0
2026-06-08,WNBA,dominique malonga,sea,lva,17.0,1,1,19.0,5.0,0.0,1.0,1.0,0.0,2.0,24.0,24.0,19.0,5.0
2026-06-10,WNBA,dominique malonga,sea,las,24.0,1,1,15.0,7.0,2.0,1.0,0.0,0.0,4.0,24.0,22.0,17.0,9.0
2026-06-12,WNBA,dominique malonga,sea,gsv,25.0,1,1,9.0,8.0,2.0,0.0,0.0,1.0,2.0,19.0,17.0,11.0,10.0
2026-06-17,WNBA,dominique malonga,sea,pdx,35.0,1,1,28.0,11.0,3.0,0.0,2.0,3.0,1.0,42.0,39.0,31.0,14.0
2026-05-09,WNBA,emily engstler,pdx,chi,23.0,1,1,4.0,2.0,2.0,0.0,1.0,3.0,3.0,8.0,6.0,6.0,4.0
2026-05-12,WNBA,emily engstler,pdx,nyl,24.0,1,1,6.0,3.0,1.0,2.0,2.0,3.0,3.0,10.0,9.0,7.0,4.0
2026-05-14,WNBA,emily engstler,pdx,nyl,19.0,1,1,11.0,4.0,0.0,2.0,0.0,1.0,1.0,15.0,15.0,11.0,4.0
2026-05-18,WNBA,emily engstler,pdx,con,28.0,1,1,15.0,3.0,2.0,2.0,2.0,1.0,2.0,20.0,18.0,17.0,5.0
2026-05-20,WNBA,emily engstler,pdx,ind,21.0,1,1,5.0,2.0,0.0,1.0,0.0,0.0,1.0,7.0,7.0,5.0,2.0
2026-05-23,WNBA,emily engstler,pdx,tor,22.0,1,1,16.0,7.0,0.0,1.0,2.0,4.0,3.0,23.0,23.0,16.0,7.0
2026-05-25,WNBA,emily engstler,pdx,nyl,28.0,1,1,8.0,5.0,2.0,1.0,4.0,4.0,1.0,15.0,13.0,10.0,7.0
2026-05-27,WNBA,emily engstler,pdx,con,19.0,1,1,4.0,1.0,2.0,0.0,0.0,2.0,2.0,7.0,5.0,6.0,3.0
2026-05-29,WNBA,emily engstler,pdx,atl,18.0,1,1,10.0,2.0,0.0,2.0,0.0,3.0,6.0,12.0,12.0,10.0,2.0
2026-05-30,WNBA,emily engstler,pdx,ind,29.0,1,1,16.0,10.0,4.0,2.0,4.0,2.0,1.0,30.0,26.0,20.0,14.0
2026-06-02,WNBA,emily engstler,pdx,gsv,29.0,1,1,12.0,8.0,1.0,2.0,1.0,2.0,0.0,21.0,20.0,13.0,9.0
2026-06-05,WNBA,emily engstler,pdx,phx,17.0,1,1,3.0,5.0,1.0,0.0,0.0,2.0,2.0,9.0,8.0,4.0,6.0
2026-06-07,WNBA,emily engstler,pdx,las,25.0,1,1,10.0,8.0,0.0,0.0,1.0,0.0,2.0,18.0,18.0,10.0,8.0
2026-06-11,WNBA,emily engstler,pdx,lva,24.0,1,1,7.0,6.0,0.0,0.0,2.0,2.0,2.0,13.0,13.0,7.0,6.0
2026-06-13,WNBA,emily engstler,pdx,dal,24.0,1,1,11.0,6.0,2.0,0.0,1.0,2.0,1.0,19.0,17.0,13.0,8.0
2026-05-10,WNBA,erica wheeler,las,lva,18.0,1,1,2.0,1.0,1.0,0.0,3.0,0.0,0.0,4.0,3.0,3.0,2.0
2026-05-13,WNBA,erica wheeler,las,ind,21.0,1,1,2.0,1.0,4.0,0.0,2.0,0.0,0.0,7.0,3.0,6.0,5.0
2026-05-15,WNBA,erica wheeler,las,tor,33.0,1,1,10.0,2.0,7.0,2.0,1.0,0.0,3.0,19.0,12.0,17.0,9.0
2026-05-17,WNBA,erica wheeler,las,tor,30.0,1,1,4.0,2.0,7.0,0.0,1.0,1.0,3.0,13.0,6.0,11.0,9.0
2026-05-21,WNBA,erica wheeler,las,phx,26.0,1,1,5.0,1.0,4.0,1.0,0.0,0.0,2.0,10.0,6.0,9.0,5.0
2026-05-23,WNBA,erica wheeler,las,lva,34.0,1,1,10.0,7.0,6.0,2.0,2.0,0.0,2.0,23.0,17.0,16.0,13.0
2026-05-29,WNBA,erica wheeler,las,was,35.0,1,1,21.0,2.0,8.0,1.0,1.0,0.0,4.0,31.0,23.0,29.0,10.0
2026-05-30,WNBA,erica wheeler,las,con,30.0,1,1,13.0,3.0,6.0,0.0,1.0,0.0,4.0,22.0,16.0,19.0,9.0
2026-06-02,WNBA,erica wheeler,las,lva,26.0,1,1,10.0,0.0,1.0,2.0,0.0,0.0,3.0,11.0,10.0,11.0,1.0
2026-06-05,WNBA,erica wheeler,las,dal,33.0,1,1,7.0,1.0,6.0,1.0,1.0,0.0,4.0,14.0,8.0,13.0,7.0
2026-06-07,WNBA,erica wheeler,las,pdx,27.0,1,1,6.0,1.0,4.0,2.0,1.0,0.0,0.0,11.0,7.0,10.0,5.0
2026-06-10,WNBA,erica wheeler,las,sea,26.0,1,1,10.0,1.0,1.0,2.0,0.0,0.0,2.0,12.0,11.0,11.0,2.0
2026-06-13,WNBA,erica wheeler,las,phx,29.0,1,1,6.0,0.0,5.0,2.0,3.0,0.0,3.0,11.0,6.0,11.0,5.0
2026-05-08,WNBA,flau'jae johnson,sea,gsv,26.0,1,1,12.0,2.0,2.0,3.0,1.0,0.0,2.0,16.0,14.0,14.0,4.0
2026-05-10,WNBA,flau'jae johnson,sea,con,30.0,1,1,16.0,6.0,1.0,1.0,3.0,1.0,1.0,23.0,22.0,17.0,7.0
2026-05-13,WNBA,flau'jae johnson,sea,tor,29.0,1,1,7.0,6.0,2.0,0.0,1.0,1.0,3.0,15.0,13.0,9.0,8.0
2026-05-17,WNBA,flau'jae johnson,sea,ind,28.0,1,1,14.0,6.0,0.0,0.0,1.0,4.0,2.0,20.0,20.0,14.0,6.0
2026-05-20,WNBA,flau'jae johnson,sea,con,16.0,1,1,5.0,3.0,0.0,0.0,1.0,1.0,0.0,8.0,8.0,5.0,3.0
2026-05-22,WNBA,flau'jae johnson,sea,con,31.0,1,1,17.0,7.0,5.0,3.0,0.0,3.0,5.0,29.0,24.0,22.0,12.0
2026-05-24,WNBA,flau'jae johnson,sea,was,25.0,1,1,17.0,6.0,1.0,2.0,1.0,1.0,2.0,24.0,23.0,18.0,7.0
2026-05-27,WNBA,flau'jae johnson,sea,was,29.0,1,1,8.0,2.0,2.0,0.0,0.0,2.0,0.0,12.0,10.0,10.0,4.0
2026-05-30,WNBA,flau'jae johnson,sea,tor,24.0,1,1,7.0,3.0,3.0,1.0,0.0,1.0,2.0,13.0,10.0,10.0,6.0
2026-06-01,WNBA,flau'jae johnson,sea,dal,25.0,1,1,16.0,10.0,1.0,1.0,1.0,1.0,5.0,27.0,26.0,17.0,11.0
2026-06-03,WNBA,flau'jae johnson,sea,phx,29.0,1,1,9.0,4.0,5.0,2.0,2.0,0.0,4.0,18.0,13.0,14.0,9.0
2026-06-06,WNBA,flau'jae johnson,sea,min,26.0,1,1,10.0,6.0,2.0,2.0,1.0,0.0,3.0,18.0,16.0,12.0,8.0
2026-06-08,WNBA,flau'jae johnson,sea,lva,24.0,1,1,13.0,2.0,7.0,1.0,0.0,0.0,0.0,22.0,15.0,20.0,9.0
2026-06-10,WNBA,flau'jae johnson,sea,las,30.0,1,1,14.0,12.0,6.0,1.0,0.0,0.0,0.0,32.0,26.0,20.0,18.0
2026-06-12,WNBA,flau'jae johnson,sea,gsv,29.0,1,1,8.0,5.0,1.0,0.0,0.0,0.0,3.0,14.0,13.0,9.0,6.0
2026-06-17,WNBA,flau'jae johnson,sea,pdx,22.0,1,1,8.0,2.0,1.0,0.0,1.0,0.0,2.0,11.0,10.0,9.0,3.0
2026-05-08,WNBA,gabby williams,gsv,sea,24.0,1,1,7.0,6.0,4.0,1.0,1.0,0.0,2.0,17.0,13.0,11.0,10.0
2026-05-10,WNBA,gabby williams,gsv,phx,32.0,1,1,19.0,5.0,3.0,4.0,4.0,1.0,4.0,27.0,24.0,22.0,8.0
2026-05-13,WNBA,gabby williams,gsv,chi,32.0,1,1,18.0,5.0,1.0,3.0,1.0,1.0,2.0,24.0,23.0,19.0,6.0
2026-05-21,WNBA,gabby williams,gsv,nyl,21.0,1,1,16.0,2.0,2.0,4.0,0.0,0.0,0.0,20.0,18.0,18.0,4.0
2026-05-22,WNBA,gabby williams,gsv,ind,22.0,1,1,6.0,0.0,3.0,0.0,4.0,0.0,3.0,9.0,6.0,9.0,3.0
2026-05-25,WNBA,gabby williams,gsv,con,18.0,1,1,15.0,2.0,1.0,3.0,0.0,0.0,0.0,18.0,17.0,16.0,3.0
2026-05-28,WNBA,gabby williams,gsv,ind,28.0,1,1,19.0,6.0,6.0,0.0,3.0,0.0,1.0,31.0,25.0,25.0,12.0
2026-05-31,WNBA,gabby williams,gsv,lva,26.0,1,1,20.0,4.0,1.0,4.0,2.0,0.0,2.0,25.0,24.0,21.0,5.0
2026-06-02,WNBA,gabby williams,gsv,pdx,27.0,1,1,8.0,2.0,2.0,0.0,1.0,0.0,0.0,12.0,10.0,10.0,4.0
2026-06-04,WNBA,gabby williams,gsv,min,25.0,1,1,5.0,5.0,3.0,1.0,2.0,1.0,1.0,13.0,10.0,8.0,8.0
2026-06-06,WNBA,gabby williams,gsv,lva,28.0,1,1,27.0,6.0,1.0,3.0,2.0,0.0,1.0,34.0,33.0,28.0,7.0
2026-06-09,WNBA,gabby williams,gsv,phx,30.0,1,1,25.0,4.0,1.0,3.0,1.0,0.0,1.0,30.0,29.0,26.0,5.0
2026-06-12,WNBA,gabby williams,gsv,sea,32.0,1,1,19.0,1.0,4.0,2.0,1.0,0.0,3.0,24.0,20.0,23.0,5.0
2026-06-15,WNBA,gabby williams,gsv,las,28.0,1,1,16.0,4.0,1.0,1.0,1.0,0.0,3.0,21.0,20.0,17.0,5.0
2026-06-17,WNBA,gabby williams,gsv,dal,29.0,1,1,25.0,3.0,4.0,2.0,1.0,0.0,2.0,32.0,28.0,29.0,7.0
2026-05-09,WNBA,gabriela jaquez,chi,pdx,32.0,1,1,10.0,7.0,2.0,1.0,2.0,0.0,0.0,19.0,17.0,12.0,9.0
2026-05-13,WNBA,gabriela jaquez,chi,gsv,26.0,1,1,7.0,5.0,2.0,1.0,0.0,0.0,1.0,14.0,12.0,9.0,7.0
2026-05-15,WNBA,gabriela jaquez,chi,phx,29.0,1,1,13.0,3.0,0.0,0.0,1.0,0.0,2.0,16.0,16.0,13.0,3.0
2026-05-17,WNBA,gabriela jaquez,chi,min,32.0,1,1,20.0,8.0,1.0,1.0,1.0,0.0,2.0,29.0,28.0,21.0,9.0
2026-05-20,WNBA,gabriela jaquez,chi,dal,28.0,1,1,12.0,5.0,2.0,0.0,1.0,0.0,1.0,19.0,17.0,14.0,7.0
2026-05-23,WNBA,gabriela jaquez,chi,min,23.0,1,1,7.0,4.0,0.0,1.0,2.0,0.0,1.0,11.0,11.0,7.0,4.0
2026-06-07,WNBA,gabriela jaquez,chi,tor,19.0,1,1,11.0,3.0,1.0,2.0,2.0,0.0,2.0,15.0,14.0,12.0,4.0
2026-06-09,WNBA,gabriela jaquez,chi,atl,19.0,1,1,3.0,4.0,0.0,0.0,0.0,0.0,5.0,7.0,7.0,3.0,4.0
2026-06-11,WNBA,gabriela jaquez,chi,ind,22.0,1,1,6.0,2.0,1.0,0.0,1.0,0.0,0.0,9.0,8.0,7.0,3.0
2026-06-17,WNBA,gabriela jaquez,chi,nyl,29.0,1,1,22.0,3.0,3.0,4.0,1.0,0.0,2.0,28.0,25.0,25.0,6.0
2026-05-08,WNBA,georgia amoore,was,tor,20.0,1,1,6.0,3.0,3.0,2.0,2.0,0.0,5.0,12.0,9.0,9.0,6.0
2026-05-10,WNBA,georgia amoore,was,nyl,21.0,1,1,7.0,1.0,7.0,1.0,1.0,0.0,1.0,15.0,8.0,14.0,8.0
2026-05-15,WNBA,georgia amoore,was,ind,24.0,1,1,7.0,0.0,4.0,1.0,0.0,0.0,2.0,11.0,7.0,11.0,4.0
2026-05-18,WNBA,georgia amoore,was,dal,24.0,1,1,3.0,1.0,3.0,1.0,0.0,0.0,2.0,7.0,4.0,6.0,4.0
2026-05-24,WNBA,georgia amoore,was,sea,26.0,1,1,13.0,2.0,6.0,1.0,0.0,2.0,4.0,21.0,15.0,19.0,8.0
2026-05-27,WNBA,georgia amoore,was,sea,27.0,1,1,7.0,0.0,2.0,1.0,0.0,0.0,2.0,9.0,7.0,9.0,2.0
2026-05-29,WNBA,georgia amoore,was,las,23.0,1,1,1.0,1.0,3.0,0.0,0.0,0.0,3.0,5.0,2.0,4.0,4.0
2026-06-02,WNBA,georgia amoore,was,chi,21.0,1,1,3.0,1.0,2.0,1.0,0.0,0.0,0.0,6.0,4.0,5.0,3.0
2026-06-06,WNBA,georgia amoore,was,atl,22.0,1,1,0.0,2.0,1.0,0.0,1.0,0.0,1.0,3.0,2.0,1.0,3.0
2026-06-08,WNBA,georgia amoore,was,ind,29.0,1,1,12.0,1.0,4.0,4.0,1.0,1.0,2.0,17.0,13.0,16.0,5.0
2026-05-09,WNBA,jackie young,lva,phx,25.0,1,1,12.0,6.0,3.0,2.0,0.0,0.0,2.0,21.0,18.0,15.0,9.0
2026-05-10,WNBA,jackie young,lva,las,31.0,1,1,20.0,5.0,9.0,2.0,1.0,1.0,1.0,34.0,25.0,29.0,14.0
2026-05-13,WNBA,jackie young,lva,con,27.0,1,1,11.0,1.0,6.0,0.0,2.0,0.0,1.0,18.0,12.0,17.0,7.0
2026-05-15,WNBA,jackie young,lva,con,31.0,1,1,13.0,6.0,6.0,0.0,0.0,0.0,4.0,25.0,19.0,19.0,12.0
2026-05-17,WNBA,jackie young,lva,atl,34.0,1,1,0.0,7.0,7.0,0.0,2.0,2.0,2.0,14.0,7.0,7.0,14.0
2026-05-23,WNBA,jackie young,lva,las,19.0,1,1,0.0,3.0,2.0,0.0,0.0,1.0,3.0,5.0,3.0,2.0,5.0
2026-05-28,WNBA,jackie young,lva,dal,33.0,1,1,15.0,3.0,7.0,1.0,1.0,0.0,0.0,25.0,18.0,22.0,10.0
2026-05-31,WNBA,jackie young,lva,gsv,37.0,1,1,23.0,7.0,9.0,5.0,1.0,0.0,2.0,39.0,30.0,32.0,16.0
2026-06-02,WNBA,jackie young,lva,las,36.0,1,1,16.0,4.0,9.0,2.0,1.0,0.0,2.0,29.0,20.0,25.0,13.0
2026-06-06,WNBA,jackie young,lva,gsv,36.0,1,1,27.0,5.0,5.0,6.0,0.0,0.0,1.0,37.0,32.0,32.0,10.0
2026-06-08,WNBA,jackie young,lva,sea,34.0,1,1,29.0,3.0,6.0,4.0,0.0,1.0,4.0,38.0,32.0,35.0,9.0
2026-06-11,WNBA,jackie young,lva,pdx,35.0,1,1,18.0,8.0,10.0,2.0,1.0,1.0,2.0,36.0,26.0,28.0,18.0
2026-06-13,WNBA,jackie young,lva,min,37.0,1,1,16.0,5.0,10.0,1.0,1.0,0.0,3.0,31.0,21.0,26.0,15.0
2026-05-08,WNBA,jade melbourne,sea,gsv,17.0,1,1,13.0,2.0,3.0,2.0,1.0,0.0,0.0,18.0,15.0,16.0,5.0
2026-05-10,WNBA,jade melbourne,sea,con,23.0,1,1,15.0,1.0,6.0,1.0,1.0,1.0,1.0,22.0,16.0,21.0,7.0
2026-05-13,WNBA,jade melbourne,sea,tor,28.0,1,1,14.0,1.0,6.0,1.0,3.0,0.0,4.0,21.0,15.0,20.0,7.0
2026-05-17,WNBA,jade melbourne,sea,ind,29.0,1,1,12.0,1.0,3.0,0.0,0.0,0.0,2.0,16.0,13.0,15.0,4.0
2026-05-20,WNBA,jade melbourne,sea,con,30.0,1,1,11.0,2.0,3.0,0.0,0.0,1.0,5.0,16.0,13.0,14.0,5.0
2026-05-22,WNBA,jade melbourne,sea,con,20.0,1,1,4.0,3.0,4.0,0.0,2.0,0.0,1.0,11.0,7.0,8.0,7.0
2026-05-24,WNBA,jade melbourne,sea,was,25.0,1,1,3.0,2.0,6.0,0.0,2.0,0.0,2.0,11.0,5.0,9.0,8.0
2026-05-27,WNBA,jade melbourne,sea,was,23.0,1,1,15.0,3.0,3.0,0.0,1.0,0.0,1.0,21.0,18.0,18.0,6.0
2026-05-30,WNBA,jade melbourne,sea,tor,27.0,1,1,8.0,3.0,4.0,1.0,0.0,1.0,3.0,15.0,11.0,12.0,7.0
2026-06-01,WNBA,jade melbourne,sea,dal,25.0,1,1,5.0,3.0,1.0,1.0,0.0,0.0,1.0,9.0,8.0,6.0,4.0
2026-06-03,WNBA,jade melbourne,sea,phx,13.0,1,1,5.0,4.0,2.0,1.0,1.0,0.0,1.0,11.0,9.0,7.0,6.0
2026-06-06,WNBA,jade melbourne,sea,min,20.0,1,1,14.0,4.0,0.0,1.0,0.0,1.0,2.0,18.0,18.0,14.0,4.0
2026-06-08,WNBA,jade melbourne,sea,lva,23.0,1,1,6.0,0.0,5.0,0.0,1.0,0.0,1.0,11.0,6.0,11.0,5.0
2026-06-10,WNBA,jade melbourne,sea,las,16.0,1,1,4.0,1.0,3.0,0.0,1.0,0.0,1.0,8.0,5.0,7.0,4.0
2026-06-12,WNBA,jade melbourne,sea,gsv,27.0,1,1,5.0,0.0,2.0,0.0,2.0,0.0,1.0,7.0,5.0,7.0,2.0
2026-06-17,WNBA,jade melbourne,sea,pdx,30.0,1,1,6.0,2.0,8.0,0.0,0.0,0.0,2.0,16.0,8.0,14.0,10.0
2026-05-08,WNBA,janelle salaün,gsv,sea,27.0,1,1,20.0,2.0,1.0,5.0,0.0,1.0,1.0,23.0,22.0,21.0,3.0
2026-05-10,WNBA,janelle salaün,gsv,phx,26.0,1,1,21.0,3.0,2.0,4.0,1.0,0.0,0.0,26.0,24.0,23.0,5.0
2026-05-13,WNBA,janelle salaün,gsv,chi,17.0,1,1,6.0,1.0,0.0,1.0,0.0,0.0,0.0,7.0,7.0,6.0,1.0
2026-05-21,WNBA,janelle salaün,gsv,nyl,26.0,1,1,12.0,6.0,1.0,2.0,2.0,0.0,1.0,19.0,18.0,13.0,7.0
2026-05-22,WNBA,janelle salaün,gsv,ind,21.0,1,1,4.0,2.0,0.0,0.0,1.0,0.0,0.0,6.0,6.0,4.0,2.0
2026-05-25,WNBA,janelle salaün,gsv,con,26.0,1,1,9.0,4.0,2.0,1.0,1.0,0.0,3.0,15.0,13.0,11.0,6.0
2026-05-28,WNBA,janelle salaün,gsv,ind,24.0,1,1,19.0,7.0,3.0,3.0,1.0,0.0,0.0,29.0,26.0,22.0,10.0
2026-05-31,WNBA,janelle salaün,gsv,lva,21.0,1,1,16.0,4.0,1.0,3.0,2.0,0.0,0.0,21.0,20.0,17.0,5.0
2026-06-02,WNBA,janelle salaün,gsv,pdx,23.0,1,1,18.0,4.0,1.0,3.0,0.0,0.0,0.0,23.0,22.0,19.0,5.0
2026-06-04,WNBA,janelle salaün,gsv,min,19.0,1,1,17.0,5.0,3.0,5.0,0.0,1.0,1.0,25.0,22.0,20.0,8.0
2026-06-06,WNBA,janelle salaün,gsv,lva,28.0,1,1,11.0,3.0,2.0,3.0,0.0,0.0,1.0,16.0,14.0,13.0,5.0
2026-06-09,WNBA,janelle salaün,gsv,phx,25.0,1,1,11.0,5.0,0.0,2.0,1.0,0.0,1.0,16.0,16.0,11.0,5.0
2026-06-12,WNBA,janelle salaün,gsv,sea,33.0,1,1,22.0,7.0,1.0,5.0,0.0,0.0,2.0,30.0,29.0,23.0,8.0
2026-06-15,WNBA,janelle salaün,gsv,las,25.0,1,1,7.0,4.0,2.0,1.0,1.0,0.0,0.0,13.0,11.0,9.0,6.0
2026-06-17,WNBA,janelle salaün,gsv,dal,20.0,1,1,12.0,4.0,1.0,2.0,0.0,0.0,2.0,17.0,16.0,13.0,5.0
2026-05-09,WNBA,jessica shepard,dal,ind,32.0,1,1,13.0,9.0,9.0,0.0,2.0,0.0,2.0,31.0,22.0,22.0,18.0
2026-05-12,WNBA,jessica shepard,dal,atl,31.0,1,1,12.0,8.0,3.0,0.0,0.0,0.0,2.0,23.0,20.0,15.0,11.0
2026-05-14,WNBA,jessica shepard,dal,min,31.0,1,1,7.0,6.0,4.0,0.0,1.0,0.0,0.0,17.0,13.0,11.0,10.0
2026-05-18,WNBA,jessica shepard,dal,was,27.0,1,1,12.0,16.0,6.0,0.0,0.0,0.0,0.0,34.0,28.0,18.0,22.0
2026-05-20,WNBA,jessica shepard,dal,chi,31.0,1,1,18.0,10.0,12.0,0.0,0.0,0.0,1.0,40.0,28.0,30.0,22.0
2026-05-22,WNBA,jessica shepard,dal,atl,31.0,1,1,10.0,11.0,2.0,0.0,0.0,0.0,3.0,23.0,21.0,12.0,13.0
2026-05-24,WNBA,jessica shepard,dal,nyl,33.0,1,1,10.0,11.0,6.0,0.0,0.0,0.0,1.0,27.0,21.0,16.0,17.0
2026-05-28,WNBA,jessica shepard,dal,lva,38.0,1,1,22.0,20.0,10.0,0.0,0.0,0.0,2.0,52.0,42.0,32.0,30.0
2026-06-01,WNBA,jessica shepard,dal,sea,23.0,1,1,9.0,8.0,1.0,0.0,1.0,0.0,0.0,18.0,17.0,10.0,9.0
2026-06-05,WNBA,jessica shepard,dal,las,38.0,1,1,22.0,15.0,5.0,0.0,2.0,0.0,4.0,42.0,37.0,27.0,20.0
2026-06-09,WNBA,jessica shepard,dal,min,29.0,1,1,12.0,9.0,4.0,0.0,0.0,0.0,1.0,25.0,21.0,16.0,13.0
2026-06-11,WNBA,jessica shepard,dal,phx,32.0,1,1,17.0,10.0,7.0,0.0,2.0,0.0,0.0,34.0,27.0,24.0,17.0
2026-06-13,WNBA,jessica shepard,dal,pdx,35.0,1,1,13.0,14.0,2.0,0.0,1.0,0.0,3.0,29.0,27.0,15.0,16.0
2026-06-15,WNBA,jessica shepard,dal,lva,31.0,1,1,15.0,15.0,9.0,0.0,2.0,0.0,3.0,39.0,30.0,24.0,24.0
2026-06-17,WNBA,jessica shepard,dal,gsv,33.0,1,1,14.0,10.0,4.0,0.0,0.0,0.0,0.0,28.0,24.0,18.0,14.0
2026-05-09,WNBA,jewell loyd,lva,phx,24.0,1,1,6.0,1.0,2.0,0.0,0.0,1.0,1.0,9.0,7.0,8.0,3.0
2026-05-10,WNBA,jewell loyd,lva,las,26.0,1,1,2.0,4.0,3.0,0.0,1.0,1.0,1.0,9.0,6.0,5.0,7.0
2026-05-13,WNBA,jewell loyd,lva,con,28.0,1,1,11.0,2.0,1.0,3.0,1.0,0.0,2.0,14.0,13.0,12.0,3.0
2026-05-15,WNBA,jewell loyd,lva,con,27.0,1,1,6.0,4.0,1.0,1.0,1.0,0.0,1.0,11.0,10.0,7.0,5.0
2026-05-17,WNBA,jewell loyd,lva,atl,29.0,1,1,7.0,5.0,1.0,2.0,1.0,0.0,0.0,13.0,12.0,8.0,6.0
2026-05-23,WNBA,jewell loyd,lva,las,29.0,1,1,10.0,0.0,2.0,3.0,0.0,0.0,1.0,12.0,10.0,12.0,2.0
2026-05-28,WNBA,jewell loyd,lva,dal,28.0,1,1,9.0,2.0,1.0,2.0,0.0,1.0,0.0,12.0,11.0,10.0,3.0
2026-06-06,WNBA,jewell loyd,lva,gsv,28.0,1,1,5.0,5.0,3.0,1.0,1.0,0.0,1.0,13.0,10.0,8.0,8.0
2026-06-08,WNBA,jewell loyd,lva,sea,28.0,1,1,5.0,2.0,0.0,1.0,1.0,0.0,1.0,7.0,7.0,5.0,2.0
2026-06-11,WNBA,jewell loyd,lva,pdx,25.0,1,1,2.0,2.0,2.0,0.0,3.0,0.0,1.0,6.0,4.0,4.0,4.0
2026-06-13,WNBA,jewell loyd,lva,min,26.0,1,1,9.0,2.0,3.0,2.0,2.0,0.0,0.0,14.0,11.0,12.0,5.0
2026-05-08,WNBA,jonquel jones,nyl,con,25.0,1,1,10.0,5.0,1.0,1.0,2.0,1.0,2.0,16.0,15.0,11.0,6.0
2026-05-10,WNBA,jonquel jones,nyl,was,24.0,1,1,13.0,8.0,2.0,1.0,0.0,1.0,3.0,23.0,21.0,15.0,10.0
2026-05-12,WNBA,jonquel jones,nyl,pdx,34.0,1,1,17.0,7.0,3.0,3.0,1.0,0.0,4.0,27.0,24.0,20.0,10.0
2026-05-14,WNBA,jonquel jones,nyl,pdx,26.0,1,1,6.0,9.0,3.0,0.0,1.0,0.0,2.0,18.0,15.0,9.0,12.0
2026-05-21,WNBA,jonquel jones,nyl,gsv,28.0,1,1,16.0,8.0,3.0,1.0,0.0,1.0,2.0,27.0,24.0,19.0,11.0
2026-05-24,WNBA,jonquel jones,nyl,dal,29.0,1,1,14.0,7.0,2.0,0.0,1.0,0.0,1.0,23.0,21.0,16.0,9.0
2026-05-25,WNBA,jonquel jones,nyl,pdx,32.0,1,1,12.0,11.0,4.0,1.0,0.0,4.0,3.0,27.0,23.0,16.0,15.0
2026-05-27,WNBA,jonquel jones,nyl,phx,31.0,1,1,17.0,12.0,4.0,3.0,1.0,0.0,0.0,33.0,29.0,21.0,16.0
2026-05-29,WNBA,jonquel jones,nyl,phx,31.0,1,1,9.0,9.0,2.0,1.0,1.0,2.0,2.0,20.0,18.0,11.0,11.0
2026-06-03,WNBA,jonquel jones,nyl,tor,34.0,1,1,22.0,17.0,2.0,4.0,0.0,2.0,2.0,41.0,39.0,24.0,19.0
2026-06-06,WNBA,jonquel jones,nyl,ind,28.0,1,1,8.0,12.0,4.0,0.0,0.0,1.0,1.0,24.0,20.0,12.0,16.0
2026-06-11,WNBA,jonquel jones,nyl,atl,26.0,1,1,16.0,10.0,5.0,4.0,0.0,3.0,4.0,31.0,26.0,21.0,15.0
2026-06-14,WNBA,jonquel jones,nyl,was,27.0,1,1,20.0,4.0,1.0,3.0,3.0,2.0,2.0,25.0,24.0,21.0,5.0
2026-05-09,WNBA,jordin canada,atl,min,27.0,1,1,12.0,2.0,6.0,1.0,0.0,0.0,4.0,20.0,14.0,18.0,8.0
2026-05-12,WNBA,jordin canada,atl,dal,31.0,1,1,19.0,7.0,5.0,3.0,3.0,0.0,1.0,31.0,26.0,24.0,12.0
2026-05-17,WNBA,jordin canada,atl,lva,33.0,1,1,11.0,3.0,5.0,0.0,7.0,0.0,2.0,19.0,14.0,16.0,8.0
2026-05-22,WNBA,jordin canada,atl,dal,30.0,1,1,9.0,5.0,6.0,1.0,1.0,0.0,1.0,20.0,14.0,15.0,11.0
2026-05-24,WNBA,jordin canada,atl,phx,31.0,1,1,11.0,7.0,14.0,0.0,3.0,1.0,1.0,32.0,18.0,25.0,21.0
2026-05-27,WNBA,jordin canada,atl,min,29.0,1,1,9.0,1.0,5.0,1.0,0.0,0.0,4.0,15.0,10.0,14.0,6.0
2026-05-29,WNBA,jordin canada,atl,pdx,27.0,1,1,9.0,4.0,4.0,0.0,1.0,0.0,3.0,17.0,13.0,13.0,8.0
2026-06-02,WNBA,jordin canada,atl,con,36.0,1,1,12.0,3.0,10.0,1.0,4.0,0.0,4.0,25.0,15.0,22.0,13.0
2026-06-04,WNBA,jordin canada,atl,ind,32.0,1,1,13.0,3.0,7.0,2.0,2.0,0.0,3.0,23.0,16.0,20.0,10.0
2026-06-06,WNBA,jordin canada,atl,was,25.0,1,1,11.0,2.0,5.0,1.0,0.0,0.0,0.0,18.0,13.0,16.0,7.0
2026-06-09,WNBA,jordin canada,atl,chi,33.0,1,1,14.0,1.0,6.0,0.0,0.0,0.0,4.0,21.0,15.0,20.0,7.0
2026-06-11,WNBA,jordin canada,atl,nyl,29.0,1,1,3.0,3.0,7.0,0.0,2.0,0.0,1.0,13.0,6.0,10.0,10.0
2026-06-14,WNBA,jordin canada,atl,tor,28.0,1,1,5.0,5.0,9.0,1.0,3.0,0.0,2.0,19.0,10.0,14.0,14.0
2026-06-18,WNBA,jordin canada,atl,ind,29.0,1,1,18.0,2.0,5.0,1.0,4.0,0.0,1.0,25.0,20.0,23.0,7.0
2026-05-09,WNBA,kahleah copper,phx,lva,28.0,1,1,13.0,0.0,2.0,0.0,0.0,0.0,4.0,15.0,13.0,15.0,2.0
2026-05-10,WNBA,kahleah copper,phx,gsv,36.0,1,1,11.0,1.0,4.0,1.0,1.0,0.0,3.0,16.0,12.0,15.0,5.0
2026-05-12,WNBA,kahleah copper,phx,min,35.0,1,1,30.0,1.0,2.0,2.0,2.0,0.0,3.0,33.0,31.0,32.0,3.0
2026-05-15,WNBA,kahleah copper,phx,chi,34.0,1,1,17.0,5.0,1.0,1.0,3.0,0.0,1.0,23.0,22.0,18.0,6.0
2026-05-19,WNBA,kahleah copper,phx,tor,35.0,1,1,18.0,3.0,4.0,0.0,0.0,0.0,4.0,25.0,21.0,22.0,7.0
2026-05-21,WNBA,kahleah copper,phx,las,36.0,1,1,22.0,5.0,2.0,1.0,0.0,0.0,4.0,29.0,27.0,24.0,7.0
2026-05-24,WNBA,kahleah copper,phx,atl,30.0,1,1,20.0,3.0,1.0,1.0,0.0,0.0,3.0,24.0,23.0,21.0,4.0
2026-05-27,WNBA,kahleah copper,phx,nyl,36.0,1,1,19.0,2.0,2.0,2.0,1.0,0.0,2.0,23.0,21.0,21.0,4.0
2026-05-29,WNBA,kahleah copper,phx,nyl,37.0,1,1,16.0,3.0,1.0,1.0,0.0,1.0,3.0,20.0,19.0,17.0,4.0
2026-06-01,WNBA,kahleah copper,phx,min,27.0,1,1,18.0,2.0,1.0,3.0,1.0,0.0,2.0,21.0,20.0,19.0,3.0
2026-06-03,WNBA,kahleah copper,phx,sea,35.0,1,1,16.0,6.0,1.0,2.0,1.0,0.0,1.0,23.0,22.0,17.0,7.0
2026-06-09,WNBA,kahleah copper,phx,gsv,26.0,1,1,9.0,4.0,1.0,1.0,1.0,0.0,1.0,14.0,13.0,10.0,5.0
2026-06-11,WNBA,kahleah copper,phx,dal,29.0,1,1,13.0,2.0,3.0,2.0,0.0,0.0,4.0,18.0,15.0,16.0,5.0
2026-06-13,WNBA,kahleah copper,phx,las,38.0,1,1,41.0,10.0,1.0,6.0,0.0,0.0,5.0,52.0,51.0,42.0,11.0
2026-06-17,WNBA,kahleah copper,phx,lva,30.0,1,1,26.0,4.0,3.0,1.0,0.0,0.0,4.0,33.0,30.0,29.0,7.0
2026-05-09,WNBA,kamilla cardoso,chi,pdx,25.0,1,1,22.0,14.0,1.0,0.0,0.0,1.0,2.0,37.0,36.0,23.0,15.0
2026-05-13,WNBA,kamilla cardoso,chi,gsv,27.0,1,1,8.0,7.0,1.0,0.0,1.0,2.0,1.0,16.0,15.0,9.0,8.0
2026-05-15,WNBA,kamilla cardoso,chi,phx,23.0,1,1,7.0,8.0,1.0,0.0,0.0,1.0,2.0,16.0,15.0,8.0,9.0
2026-05-17,WNBA,kamilla cardoso,chi,min,26.0,1,1,11.0,12.0,4.0,0.0,0.0,3.0,1.0,27.0,23.0,15.0,16.0
2026-05-20,WNBA,kamilla cardoso,chi,dal,33.0,1,1,24.0,11.0,5.0,0.0,0.0,1.0,0.0,40.0,35.0,29.0,16.0
2026-05-23,WNBA,kamilla cardoso,chi,min,23.0,1,1,17.0,7.0,0.0,0.0,1.0,0.0,1.0,24.0,24.0,17.0,7.0
2026-05-27,WNBA,kamilla cardoso,chi,tor,22.0,1,1,2.0,5.0,3.0,0.0,0.0,0.0,1.0,10.0,7.0,5.0,8.0
2026-05-29,WNBA,kamilla cardoso,chi,min,28.0,1,1,12.0,13.0,1.0,0.0,0.0,2.0,3.0,26.0,25.0,13.0,14.0
2026-06-02,WNBA,kamilla cardoso,chi,was,33.0,1,1,12.0,13.0,5.0,0.0,1.0,6.0,1.0,30.0,25.0,17.0,18.0
2026-06-05,WNBA,kamilla cardoso,chi,con,33.0,1,1,10.0,8.0,3.0,0.0,0.0,2.0,2.0,21.0,18.0,13.0,11.0
2026-06-07,WNBA,kamilla cardoso,chi,tor,23.0,1,1,9.0,8.0,2.0,0.0,0.0,1.0,2.0,19.0,17.0,11.0,10.0
2026-06-09,WNBA,kamilla cardoso,chi,atl,35.0,1,1,13.0,2.0,5.0,0.0,1.0,4.0,1.0,20.0,15.0,18.0,7.0
2026-06-11,WNBA,kamilla cardoso,chi,ind,21.0,1,1,10.0,4.0,1.0,0.0,0.0,1.0,4.0,15.0,14.0,11.0,5.0
2026-06-17,WNBA,kamilla cardoso,chi,nyl,24.0,1,1,10.0,4.0,4.0,0.0,1.0,0.0,2.0,18.0,14.0,14.0,8.0
2026-05-09,WNBA,kayla mcbride,min,atl,33.0,1,1,20.0,2.0,2.0,2.0,1.0,0.0,1.0,24.0,22.0,22.0,4.0
2026-05-12,WNBA,kayla mcbride,min,phx,33.0,1,1,14.0,2.0,3.0,2.0,1.0,0.0,3.0,19.0,16.0,17.0,5.0
2026-05-14,WNBA,kayla mcbride,min,dal,34.0,1,1,11.0,8.0,1.0,0.0,1.0,1.0,2.0,20.0,19.0,12.0,9.0
2026-05-17,WNBA,kayla mcbride,min,chi,40.0,1,1,20.0,7.0,1.0,2.0,4.0,1.0,2.0,28.0,27.0,21.0,8.0
2026-05-21,WNBA,kayla mcbride,min,tor,23.0,1,1,13.0,4.0,2.0,1.0,1.0,0.0,1.0,19.0,17.0,15.0,6.0
2026-05-23,WNBA,kayla mcbride,min,chi,35.0,1,1,13.0,6.0,4.0,2.0,1.0,0.0,0.0,23.0,19.0,17.0,10.0
2026-05-27,WNBA,kayla mcbride,min,atl,34.0,1,1,12.0,2.0,1.0,1.0,3.0,0.0,2.0,15.0,14.0,13.0,3.0
2026-05-29,WNBA,kayla mcbride,min,chi,31.0,1,1,9.0,5.0,2.0,1.0,3.0,1.0,1.0,16.0,14.0,11.0,7.0
2026-06-01,WNBA,kayla mcbride,min,phx,22.0,1,1,7.0,0.0,5.0,1.0,1.0,0.0,0.0,12.0,7.0,12.0,5.0
2026-06-04,WNBA,kayla mcbride,min,gsv,32.0,1,1,14.0,8.0,2.0,3.0,2.0,0.0,2.0,24.0,22.0,16.0,10.0
2026-06-06,WNBA,kayla mcbride,min,sea,23.0,1,1,11.0,2.0,3.0,2.0,1.0,0.0,1.0,16.0,13.0,14.0,5.0
2026-06-09,WNBA,kayla mcbride,min,dal,30.0,1,1,22.0,5.0,4.0,4.0,0.0,0.0,0.0,31.0,27.0,26.0,9.0
2026-06-13,WNBA,kayla mcbride,min,lva,34.0,1,1,19.0,2.0,5.0,3.0,2.0,0.0,0.0,26.0,21.0,24.0,7.0
2026-06-15,WNBA,kayla mcbride,min,pdx,25.0,1,1,14.0,6.0,4.0,1.0,2.0,0.0,4.0,24.0,20.0,18.0,10.0
2026-06-17,WNBA,kayla mcbride,min,las,25.0,1,1,14.0,4.0,0.0,2.0,3.0,0.0,1.0,18.0,18.0,14.0,4.0
2026-05-08,WNBA,kayla thornton,gsv,sea,30.0,1,1,13.0,8.0,1.0,3.0,0.0,0.0,2.0,22.0,21.0,14.0,9.0
2026-05-10,WNBA,kayla thornton,gsv,phx,31.0,1,1,19.0,3.0,0.0,3.0,0.0,0.0,1.0,22.0,22.0,19.0,3.0
2026-05-13,WNBA,kayla thornton,gsv,chi,30.0,1,1,0.0,6.0,0.0,0.0,0.0,1.0,0.0,6.0,6.0,0.0,6.0
2026-05-21,WNBA,kayla thornton,gsv,nyl,28.0,1,1,11.0,5.0,1.0,0.0,1.0,2.0,0.0,17.0,16.0,12.0,6.0
2026-05-22,WNBA,kayla thornton,gsv,ind,27.0,1,1,10.0,2.0,0.0,1.0,1.0,0.0,1.0,12.0,12.0,10.0,2.0
2026-05-25,WNBA,kayla thornton,gsv,con,16.0,1,1,5.0,8.0,2.0,1.0,3.0,0.0,2.0,15.0,13.0,7.0,10.0
2026-05-28,WNBA,kayla thornton,gsv,ind,18.0,1,1,0.0,3.0,0.0,0.0,0.0,0.0,1.0,3.0,3.0,0.0,3.0
2026-05-31,WNBA,kayla thornton,gsv,lva,27.0,1,1,12.0,4.0,0.0,4.0,2.0,0.0,0.0,16.0,16.0,12.0,4.0
2026-06-02,WNBA,kayla thornton,gsv,pdx,26.0,1,1,19.0,8.0,0.0,5.0,1.0,1.0,1.0,27.0,27.0,19.0,8.0
2026-06-04,WNBA,kayla thornton,gsv,min,21.0,1,1,9.0,5.0,0.0,1.0,0.0,0.0,0.0,14.0,14.0,9.0,5.0
2026-06-06,WNBA,kayla thornton,gsv,lva,35.0,1,1,10.0,9.0,1.0,2.0,0.0,0.0,1.0,20.0,19.0,11.0,10.0
2026-06-09,WNBA,kayla thornton,gsv,phx,35.0,1,1,12.0,4.0,2.0,2.0,1.0,0.0,0.0,18.0,16.0,14.0,6.0
2026-06-12,WNBA,kayla thornton,gsv,sea,24.0,1,1,2.0,4.0,1.0,0.0,1.0,2.0,1.0,7.0,6.0,3.0,5.0
2026-06-15,WNBA,kayla thornton,gsv,las,23.0,1,1,6.0,2.0,1.0,0.0,4.0,0.0,0.0,9.0,8.0,7.0,3.0
2026-06-17,WNBA,kayla thornton,gsv,dal,29.0,1,1,8.0,11.0,2.0,2.0,0.0,1.0,0.0,21.0,19.0,10.0,13.0
2026-05-09,WNBA,kelsey mitchell,ind,dal,33.0,1,1,30.0,3.0,4.0,2.0,0.0,0.0,2.0,37.0,33.0,34.0,7.0
2026-05-13,WNBA,kelsey mitchell,ind,las,27.0,1,1,23.0,0.0,0.0,3.0,1.0,0.0,2.0,23.0,23.0,23.0,0.0
2026-05-15,WNBA,kelsey mitchell,ind,was,39.0,1,1,24.0,0.0,0.0,4.0,1.0,0.0,3.0,24.0,24.0,24.0,0.0
2026-05-17,WNBA,kelsey mitchell,ind,sea,28.0,1,1,17.0,0.0,2.0,1.0,1.0,0.0,0.0,19.0,17.0,19.0,2.0
2026-05-20,WNBA,kelsey mitchell,ind,pdx,28.0,1,1,21.0,2.0,4.0,2.0,0.0,0.0,2.0,27.0,23.0,25.0,6.0
2026-05-22,WNBA,kelsey mitchell,ind,gsv,31.0,1,1,19.0,0.0,3.0,0.0,0.0,0.0,1.0,22.0,19.0,22.0,3.0
2026-05-28,WNBA,kelsey mitchell,ind,gsv,30.0,1,1,14.0,1.0,3.0,2.0,0.0,0.0,1.0,18.0,15.0,17.0,4.0
2026-05-30,WNBA,kelsey mitchell,ind,pdx,33.0,1,1,17.0,1.0,4.0,1.0,2.0,0.0,2.0,22.0,18.0,21.0,5.0
2026-06-04,WNBA,kelsey mitchell,ind,atl,33.0,1,1,25.0,0.0,2.0,3.0,2.0,0.0,1.0,27.0,25.0,27.0,2.0
2026-06-06,WNBA,kelsey mitchell,ind,nyl,32.0,1,1,21.0,7.0,2.0,2.0,0.0,0.0,4.0,30.0,28.0,23.0,9.0
2026-06-08,WNBA,kelsey mitchell,ind,was,31.0,1,1,15.0,2.0,3.0,1.0,1.0,1.0,1.0,20.0,17.0,18.0,5.0
2026-06-11,WNBA,kelsey mitchell,ind,chi,39.0,1,1,19.0,1.0,3.0,2.0,3.0,0.0,2.0,23.0,20.0,22.0,4.0
2026-06-13,WNBA,kelsey mitchell,ind,con,37.0,1,1,19.0,2.0,5.0,2.0,1.0,0.0,4.0,26.0,21.0,24.0,7.0
2026-06-16,WNBA,kelsey mitchell,ind,tor,32.0,1,1,27.0,1.0,2.0,3.0,0.0,0.0,4.0,30.0,28.0,29.0,3.0
2026-06-18,WNBA,kelsey mitchell,ind,atl,34.0,1,1,26.0,1.0,1.0,3.0,1.0,0.0,2.0,28.0,27.0,27.0,2.0
2026-05-10,WNBA,kelsey plum,las,lva,35.0,1,1,27.0,4.0,2.0,4.0,0.0,0.0,3.0,33.0,31.0,29.0,6.0
2026-05-13,WNBA,kelsey plum,las,ind,37.0,1,1,25.0,1.0,4.0,1.0,1.0,0.0,5.0,30.0,26.0,29.0,5.0
2026-05-15,WNBA,kelsey plum,las,tor,33.0,1,1,27.0,0.0,9.0,4.0,3.0,0.0,2.0,36.0,27.0,36.0,9.0
2026-05-17,WNBA,kelsey plum,las,tor,36.0,1,1,28.0,1.0,7.0,1.0,1.0,0.0,3.0,36.0,29.0,35.0,8.0
2026-05-21,WNBA,kelsey plum,las,phx,34.0,1,1,16.0,1.0,7.0,4.0,1.0,0.0,4.0,24.0,17.0,23.0,8.0
2026-05-23,WNBA,kelsey plum,las,lva,37.0,1,1,38.0,4.0,9.0,6.0,1.0,0.0,3.0,51.0,42.0,47.0,13.0
2026-06-05,WNBA,kelsey plum,las,dal,33.0,1,1,27.0,2.0,6.0,1.0,0.0,0.0,5.0,35.0,29.0,33.0,8.0
2026-06-07,WNBA,kelsey plum,las,pdx,35.0,1,1,16.0,6.0,7.0,1.0,3.0,0.0,1.0,29.0,22.0,23.0,13.0
2026-06-10,WNBA,kelsey plum,las,sea,33.0,1,1,19.0,1.0,11.0,2.0,4.0,0.0,3.0,31.0,20.0,30.0,12.0
2026-06-13,WNBA,kelsey plum,las,phx,37.0,1,1,43.0,2.0,7.0,5.0,0.0,0.0,5.0,52.0,45.0,50.0,9.0
2026-05-08,WNBA,laura juskaite,tor,was,15.0,1,1,7.0,6.0,0.0,1.0,1.0,0.0,2.0,13.0,13.0,7.0,6.0
2026-05-13,WNBA,laura juskaite,tor,sea,7.0,1,1,0.0,1.0,0.0,0.0,0.0,0.0,0.0,1.0,1.0,0.0,1.0
2026-05-15,WNBA,laura juskaite,tor,las,25.0,1,1,16.0,3.0,4.0,2.0,4.0,0.0,1.0,23.0,19.0,20.0,7.0
2026-05-17,WNBA,laura juskaite,tor,las,21.0,1,1,7.0,5.0,1.0,0.0,2.0,0.0,2.0,13.0,12.0,8.0,6.0
2026-05-19,WNBA,laura juskaite,tor,phx,23.0,1,1,10.0,5.0,0.0,2.0,0.0,0.0,2.0,15.0,15.0,10.0,5.0
2026-05-21,WNBA,laura juskaite,tor,min,26.0,1,1,7.0,3.0,2.0,1.0,0.0,0.0,3.0,12.0,10.0,9.0,5.0
2026-05-23,WNBA,laura juskaite,tor,pdx,20.0,1,1,3.0,2.0,1.0,0.0,0.0,0.0,1.0,6.0,5.0,4.0,3.0
2026-05-27,WNBA,laura juskaite,tor,chi,22.0,1,1,7.0,2.0,2.0,1.0,0.0,1.0,1.0,11.0,9.0,9.0,4.0
2026-05-30,WNBA,laura juskaite,tor,sea,25.0,1,1,14.0,5.0,1.0,4.0,2.0,0.0,1.0,20.0,19.0,15.0,6.0
2026-06-03,WNBA,laura juskaite,tor,nyl,20.0,1,1,8.0,5.0,2.0,1.0,2.0,0.0,0.0,15.0,13.0,10.0,7.0
2026-06-07,WNBA,laura juskaite,tor,chi,22.0,1,1,10.0,4.0,1.0,0.0,0.0,0.0,0.0,15.0,14.0,11.0,5.0
2026-06-10,WNBA,laura juskaite,tor,con,37.0,1,1,19.0,6.0,2.0,1.0,4.0,1.0,0.0,27.0,25.0,21.0,8.0
2026-05-09,WNBA,maddy siegrist,dal,ind,18.0,1,1,7.0,3.0,1.0,1.0,0.0,0.0,0.0,11.0,,,
2026-05-12,WNBA,maddy siegrist,dal,atl,8.0,1,1,2.0,3.0,0.0,0.0,0.0,0.0,0.0,5.0,,,
2026-05-14,WNBA,maddy siegrist,dal,min,16.0,1,1,17.0,4.0,1.0,0.0,0.0,1.0,0.0,22.0,,,
2026-05-18,WNBA,maddy siegrist,dal,was,20.0,1,1,10.0,0.0,2.0,2.0,0.0,0.0,0.0,12.0,,,
2026-05-20,WNBA,maddy siegrist,dal,chi,7.0,1,1,0.0,1.0,0.0,0.0,1.0,0.0,0.0,1.0,,,
2026-05-22,WNBA,maddy siegrist,dal,atl,17.0,1,1,5.0,2.0,1.0,1.0,0.0,1.0,0.0,8.0,,,
2026-05-24,WNBA,maddy siegrist,dal,nyl,6.0,1,1,2.0,1.0,0.0,0.0,1.0,1.0,1.0,3.0,,,
2026-05-28,WNBA,maddy siegrist,dal,lva,17.0,1,1,8.0,7.0,1.0,2.0,0.0,0.0,0.0,16.0,,,
2026-06-01,WNBA,maddy siegrist,dal,sea,22.0,1,1,9.0,9.0,2.0,1.0,1.0,0.0,0.0,20.0,,,
2026-06-05,WNBA,maddy siegrist,dal,las,24.0,1,1,16.0,4.0,0.0,2.0,4.0,1.0,1.0,20.0,,,
2026-06-09,WNBA,maddy siegrist,dal,min,22.0,1,1,4.0,7.0,2.0,0.0,1.0,1.0,1.0,13.0,,,
2026-05-08,WNBA,marina mabrey,tor,was,30.0,1,1,27.0,7.0,2.0,3.0,1.0,0.0,4.0,36.0,34.0,29.0,9.0
2026-05-13,WNBA,marina mabrey,tor,sea,29.0,1,1,26.0,4.0,3.0,6.0,4.0,0.0,1.0,33.0,30.0,29.0,7.0
2026-05-15,WNBA,marina mabrey,tor,las,21.0,1,1,7.0,2.0,0.0,1.0,0.0,1.0,3.0,9.0,9.0,7.0,2.0
2026-05-17,WNBA,marina mabrey,tor,las,26.0,1,1,14.0,3.0,4.0,2.0,1.0,0.0,3.0,21.0,17.0,18.0,7.0
2026-05-19,WNBA,marina mabrey,tor,phx,32.0,1,1,30.0,5.0,3.0,6.0,1.0,1.0,2.0,38.0,35.0,33.0,8.0
2026-05-21,WNBA,marina mabrey,tor,min,19.0,1,1,3.0,2.0,1.0,0.0,2.0,0.0,4.0,6.0,5.0,4.0,3.0
2026-05-23,WNBA,marina mabrey,tor,pdx,28.0,1,1,19.0,5.0,8.0,3.0,0.0,1.0,4.0,32.0,24.0,27.0,13.0
2026-05-27,WNBA,marina mabrey,tor,chi,28.0,1,1,24.0,4.0,7.0,3.0,1.0,0.0,2.0,35.0,28.0,31.0,11.0
2026-05-30,WNBA,marina mabrey,tor,sea,29.0,1,1,18.0,3.0,4.0,3.0,1.0,0.0,3.0,25.0,21.0,22.0,7.0
2026-06-03,WNBA,marina mabrey,tor,nyl,26.0,1,1,17.0,3.0,4.0,2.0,0.0,1.0,1.0,24.0,20.0,21.0,7.0
2026-06-07,WNBA,marina mabrey,tor,chi,30.0,1,1,9.0,4.0,6.0,1.0,2.0,1.0,3.0,19.0,13.0,15.0,10.0
2026-06-10,WNBA,marina mabrey,tor,con,34.0,1,1,21.0,1.0,1.0,4.0,3.0,0.0,3.0,23.0,22.0,22.0,2.0
2026-06-12,WNBA,marina mabrey,tor,was,28.0,1,1,27.0,1.0,3.0,5.0,1.0,0.0,4.0,31.0,28.0,30.0,4.0
2026-06-14,WNBA,marina mabrey,tor,atl,27.0,1,1,9.0,4.0,2.0,2.0,0.0,1.0,1.0,15.0,13.0,11.0,6.0
2026-05-09,WNBA,maya caldwell,min,atl,8.0,1,1,6.0,2.0,0.0,1.0,0.0,0.0,1.0,8.0,8.0,6.0,2.0
2026-05-12,WNBA,maya caldwell,min,phx,8.0,1,1,0.0,2.0,0.0,0.0,0.0,0.0,0.0,2.0,2.0,0.0,2.0
2026-05-14,WNBA,maya caldwell,min,dal,11.0,1,1,0.0,0.0,3.0,0.0,2.0,0.0,1.0,3.0,0.0,3.0,3.0
2026-05-17,WNBA,maya caldwell,min,chi,16.0,1,1,5.0,2.0,2.0,1.0,0.0,1.0,0.0,9.0,7.0,7.0,4.0
2026-05-21,WNBA,maya caldwell,min,tor,22.0,1,1,16.0,3.0,3.0,4.0,1.0,1.0,0.0,22.0,19.0,19.0,6.0
2026-05-23,WNBA,maya caldwell,min,chi,13.0,1,1,2.0,3.0,2.0,0.0,0.0,0.0,1.0,7.0,5.0,4.0,5.0
2026-05-27,WNBA,maya caldwell,min,atl,14.0,1,1,2.0,0.0,1.0,0.0,1.0,0.0,1.0,3.0,2.0,3.0,1.0
2026-05-29,WNBA,maya caldwell,min,chi,17.0,1,1,5.0,4.0,0.0,1.0,1.0,1.0,0.0,9.0,9.0,5.0,4.0
2026-06-01,WNBA,maya caldwell,min,phx,18.0,1,1,5.0,2.0,0.0,1.0,0.0,1.0,1.0,7.0,7.0,5.0,2.0
2026-06-04,WNBA,maya caldwell,min,gsv,12.0,1,1,5.0,2.0,1.0,1.0,1.0,1.0,1.0,8.0,7.0,6.0,3.0
2026-06-06,WNBA,maya caldwell,min,sea,22.0,1,1,6.0,3.0,1.0,2.0,0.0,0.0,3.0,10.0,9.0,7.0,4.0
2026-06-09,WNBA,maya caldwell,min,dal,15.0,1,1,3.0,2.0,0.0,0.0,0.0,0.0,0.0,5.0,5.0,3.0,2.0
2026-06-13,WNBA,maya caldwell,min,lva,6.0,1,1,0.0,0.0,0.0,0.0,0.0,0.0,0.0,0.0,0.0,0.0,0.0
2026-06-15,WNBA,maya caldwell,min,pdx,15.0,1,1,11.0,4.0,1.0,1.0,1.0,0.0,0.0,16.0,15.0,12.0,5.0
2026-06-17,WNBA,maya caldwell,min,las,25.0,1,1,7.0,7.0,3.0,1.0,2.0,1.0,3.0,17.0,14.0,10.0,10.0
2026-05-09,WNBA,megan gustafson,pdx,chi,14.0,1,1,10.0,1.0,1.0,2.0,0.0,0.0,1.0,12.0,11.0,11.0,2.0
2026-05-12,WNBA,megan gustafson,pdx,nyl,15.0,1,1,6.0,1.0,0.0,0.0,0.0,0.0,1.0,7.0,7.0,6.0,1.0
2026-05-14,WNBA,megan gustafson,pdx,nyl,14.0,1,1,14.0,3.0,0.0,0.0,0.0,0.0,1.0,17.0,17.0,14.0,3.0
2026-05-18,WNBA,megan gustafson,pdx,con,8.0,1,1,3.0,2.0,1.0,0.0,0.0,0.0,0.0,6.0,5.0,4.0,3.0
2026-05-20,WNBA,megan gustafson,pdx,ind,18.0,1,1,4.0,6.0,0.0,0.0,1.0,2.0,0.0,10.0,10.0,4.0,6.0
2026-05-23,WNBA,megan gustafson,pdx,tor,20.0,1,1,14.0,4.0,0.0,2.0,0.0,1.0,0.0,18.0,18.0,14.0,4.0
2026-05-25,WNBA,megan gustafson,pdx,nyl,18.0,1,1,11.0,1.0,0.0,1.0,0.0,0.0,0.0,12.0,12.0,11.0,1.0
2026-05-27,WNBA,megan gustafson,pdx,con,18.0,1,1,10.0,4.0,2.0,1.0,0.0,0.0,0.0,16.0,14.0,12.0,6.0
2026-05-29,WNBA,megan gustafson,pdx,atl,18.0,1,1,10.0,5.0,1.0,2.0,0.0,1.0,1.0,16.0,15.0,11.0,6.0
2026-05-30,WNBA,megan gustafson,pdx,ind,28.0,1,1,22.0,1.0,0.0,1.0,0.0,1.0,0.0,23.0,23.0,22.0,1.0
2026-06-02,WNBA,megan gustafson,pdx,gsv,24.0,1,1,13.0,8.0,2.0,0.0,0.0,0.0,2.0,23.0,21.0,15.0,10.0
2026-06-05,WNBA,megan gustafson,pdx,phx,22.0,1,1,7.0,2.0,0.0,1.0,0.0,0.0,1.0,9.0,9.0,7.0,2.0
2026-06-07,WNBA,megan gustafson,pdx,las,25.0,1,1,16.0,11.0,0.0,0.0,0.0,1.0,0.0,27.0,27.0,16.0,11.0
2026-06-11,WNBA,megan gustafson,pdx,lva,28.0,1,1,17.0,2.0,0.0,2.0,0.0,0.0,0.0,19.0,19.0,17.0,2.0
2026-06-13,WNBA,megan gustafson,pdx,dal,26.0,1,1,16.0,6.0,4.0,0.0,0.0,2.0,0.0,26.0,22.0,20.0,10.0
2026-05-24,WNBA,michaela onyenwere,was,sea,17.0,1,1,6.0,0.0,0.0,0.0,1.0,0.0,2.0,6.0,6.0,6.0,0.0
2026-05-27,WNBA,michaela onyenwere,was,sea,22.0,1,1,14.0,2.0,2.0,3.0,0.0,0.0,2.0,18.0,16.0,16.0,4.0
2026-05-29,WNBA,michaela onyenwere,was,las,24.0,1,1,4.0,3.0,3.0,1.0,0.0,0.0,2.0,10.0,7.0,7.0,6.0
2026-06-02,WNBA,michaela onyenwere,was,chi,22.0,1,1,13.0,7.0,2.0,1.0,1.0,0.0,5.0,22.0,20.0,15.0,9.0
2026-06-06,WNBA,michaela onyenwere,was,atl,21.0,1,1,4.0,0.0,0.0,0.0,0.0,0.0,1.0,4.0,4.0,4.0,0.0
2026-06-08,WNBA,michaela onyenwere,was,ind,24.0,1,1,17.0,2.0,1.0,3.0,1.0,0.0,2.0,20.0,19.0,18.0,3.0
2026-05-27,WNBA,monique akoa makani,phx,nyl,19.0,1,1,9.0,2.0,4.0,2.0,2.0,0.0,3.0,15.0,11.0,13.0,6.0
2026-05-29,WNBA,monique akoa makani,phx,nyl,29.0,1,1,13.0,3.0,3.0,3.0,1.0,0.0,0.0,19.0,16.0,16.0,6.0
2026-06-01,WNBA,monique akoa makani,phx,min,24.0,1,1,10.0,0.0,5.0,0.0,2.0,0.0,3.0,15.0,10.0,15.0,5.0
2026-06-03,WNBA,monique akoa makani,phx,sea,28.0,1,1,12.0,6.0,2.0,1.0,2.0,0.0,3.0,20.0,18.0,14.0,8.0
2026-06-05,WNBA,monique akoa makani,phx,pdx,31.0,1,1,11.0,4.0,2.0,1.0,3.0,1.0,2.0,17.0,15.0,13.0,6.0
2026-06-09,WNBA,monique akoa makani,phx,gsv,32.0,1,1,19.0,3.0,3.0,3.0,1.0,0.0,0.0,25.0,22.0,22.0,6.0
2026-06-11,WNBA,monique akoa makani,phx,dal,24.0,1,1,6.0,0.0,1.0,0.0,1.0,1.0,2.0,7.0,6.0,7.0,1.0
2026-06-13,WNBA,monique akoa makani,phx,las,24.0,1,1,9.0,2.0,5.0,1.0,1.0,0.0,1.0,16.0,11.0,14.0,7.0
2026-06-17,WNBA,monique akoa makani,phx,lva,20.0,1,1,4.0,3.0,1.0,0.0,1.0,0.0,3.0,8.0,7.0,5.0,4.0
2026-05-09,WNBA,nalyssa smith,lva,phx,21.0,1,1,11.0,6.0,1.0,0.0,0.0,2.0,0.0,18.0,17.0,12.0,7.0
2026-05-10,WNBA,nalyssa smith,lva,las,16.0,1,1,12.0,6.0,2.0,0.0,0.0,2.0,0.0,20.0,18.0,14.0,8.0
2026-05-13,WNBA,nalyssa smith,lva,con,18.0,1,1,6.0,5.0,2.0,0.0,2.0,0.0,2.0,13.0,11.0,8.0,7.0
2026-05-15,WNBA,nalyssa smith,lva,con,17.0,1,1,4.0,4.0,0.0,0.0,0.0,1.0,0.0,8.0,8.0,4.0,4.0
2026-05-17,WNBA,nalyssa smith,lva,atl,20.0,1,1,13.0,6.0,1.0,0.0,0.0,0.0,2.0,20.0,19.0,14.0,7.0
2026-05-23,WNBA,nalyssa smith,lva,las,28.0,1,1,22.0,9.0,1.0,1.0,2.0,1.0,1.0,32.0,31.0,23.0,10.0
2026-05-28,WNBA,nalyssa smith,lva,dal,27.0,1,1,9.0,12.0,0.0,0.0,0.0,1.0,1.0,21.0,21.0,9.0,12.0
2026-05-31,WNBA,nalyssa smith,lva,gsv,25.0,1,1,15.0,9.0,1.0,0.0,0.0,0.0,2.0,25.0,24.0,16.0,10.0
2026-06-02,WNBA,nalyssa smith,lva,las,21.0,1,1,7.0,4.0,0.0,0.0,0.0,1.0,2.0,11.0,11.0,7.0,4.0
2026-06-06,WNBA,nalyssa smith,lva,gsv,29.0,1,1,6.0,6.0,1.0,0.0,0.0,0.0,1.0,13.0,12.0,7.0,7.0
2026-06-08,WNBA,nalyssa smith,lva,sea,26.0,1,1,16.0,9.0,0.0,0.0,0.0,0.0,1.0,25.0,25.0,16.0,9.0
2026-06-11,WNBA,nalyssa smith,lva,pdx,25.0,1,1,12.0,10.0,3.0,0.0,0.0,0.0,2.0,25.0,22.0,15.0,13.0
2026-06-13,WNBA,nalyssa smith,lva,min,27.0,1,1,15.0,6.0,0.0,0.0,1.0,0.0,1.0,21.0,21.0,15.0,6.0
2026-05-13,WNBA,natasha cloud,chi,gsv,18.0,1,1,7.0,4.0,0.0,1.0,0.0,0.0,3.0,11.0,11.0,7.0,4.0
2026-05-15,WNBA,natasha cloud,chi,phx,23.0,1,1,7.0,3.0,7.0,0.0,2.0,0.0,1.0,17.0,10.0,14.0,10.0
2026-05-17,WNBA,natasha cloud,chi,min,32.0,1,1,11.0,6.0,7.0,1.0,0.0,0.0,4.0,24.0,17.0,18.0,13.0
2026-05-20,WNBA,natasha cloud,chi,dal,35.0,1,1,21.0,8.0,5.0,1.0,1.0,1.0,4.0,34.0,29.0,26.0,13.0
2026-05-23,WNBA,natasha cloud,chi,min,32.0,1,1,6.0,2.0,1.0,0.0,1.0,1.0,3.0,9.0,8.0,7.0,3.0
2026-05-27,WNBA,natasha cloud,chi,tor,31.0,1,1,18.0,5.0,9.0,2.0,1.0,0.0,3.0,32.0,23.0,27.0,14.0
2026-05-29,WNBA,natasha cloud,chi,min,31.0,1,1,6.0,4.0,2.0,1.0,2.0,1.0,2.0,12.0,10.0,8.0,6.0
2026-06-02,WNBA,natasha cloud,chi,was,24.0,1,1,0.0,0.0,3.0,0.0,0.0,0.0,4.0,3.0,0.0,3.0,3.0
2026-06-05,WNBA,natasha cloud,chi,con,26.0,1,1,13.0,0.0,5.0,2.0,2.0,0.0,3.0,18.0,13.0,18.0,5.0
2026-06-07,WNBA,natasha cloud,chi,tor,27.0,1,1,6.0,4.0,3.0,1.0,0.0,1.0,3.0,13.0,10.0,9.0,7.0
2026-06-09,WNBA,natasha cloud,chi,atl,30.0,1,1,18.0,6.0,4.0,1.0,2.0,2.0,0.0,28.0,24.0,22.0,10.0
2026-06-11,WNBA,natasha cloud,chi,ind,34.0,1,1,6.0,4.0,5.0,0.0,0.0,0.0,5.0,15.0,10.0,11.0,9.0
2026-06-17,WNBA,natasha cloud,chi,nyl,28.0,1,1,11.0,3.0,4.0,1.0,2.0,0.0,0.0,18.0,14.0,15.0,7.0
2026-05-09,WNBA,natasha howard,min,atl,20.0,1,1,6.0,5.0,2.0,0.0,1.0,0.0,5.0,13.0,11.0,8.0,7.0
2026-05-12,WNBA,natasha howard,min,phx,29.0,1,1,14.0,11.0,2.0,0.0,1.0,0.0,4.0,27.0,25.0,16.0,13.0
2026-05-14,WNBA,natasha howard,min,dal,35.0,1,1,26.0,5.0,4.0,0.0,0.0,3.0,7.0,35.0,31.0,30.0,9.0
2026-05-17,WNBA,natasha howard,min,chi,29.0,1,1,17.0,9.0,7.0,0.0,2.0,0.0,4.0,33.0,26.0,24.0,16.0
2026-05-21,WNBA,natasha howard,min,tor,22.0,1,1,13.0,6.0,3.0,0.0,0.0,0.0,4.0,22.0,19.0,16.0,9.0
2026-05-23,WNBA,natasha howard,min,chi,33.0,1,1,26.0,14.0,5.0,0.0,0.0,0.0,3.0,45.0,40.0,31.0,19.0
2026-05-27,WNBA,natasha howard,min,atl,33.0,1,1,22.0,8.0,5.0,0.0,2.0,2.0,3.0,35.0,30.0,27.0,13.0
2026-05-29,WNBA,natasha howard,min,chi,29.0,1,1,14.0,7.0,3.0,0.0,4.0,1.0,3.0,24.0,21.0,17.0,10.0
2026-06-01,WNBA,natasha howard,min,phx,23.0,1,1,11.0,4.0,3.0,0.0,3.0,0.0,2.0,18.0,15.0,14.0,7.0
2026-06-04,WNBA,natasha howard,min,gsv,30.0,1,1,12.0,10.0,0.0,0.0,0.0,0.0,2.0,22.0,22.0,12.0,10.0
2026-06-06,WNBA,natasha howard,min,sea,30.0,1,1,27.0,5.0,1.0,0.0,3.0,2.0,2.0,33.0,32.0,28.0,6.0
2026-06-09,WNBA,natasha howard,min,dal,29.0,1,1,21.0,4.0,4.0,1.0,3.0,1.0,4.0,29.0,25.0,25.0,8.0
2026-06-13,WNBA,natasha howard,min,lva,32.0,1,1,22.0,9.0,2.0,0.0,4.0,1.0,2.0,33.0,31.0,24.0,11.0
2026-06-15,WNBA,natasha howard,min,pdx,26.0,1,1,18.0,6.0,1.0,0.0,2.0,0.0,2.0,25.0,24.0,19.0,7.0
2026-06-17,WNBA,natasha howard,min,las,29.0,1,1,15.0,9.0,2.0,0.0,1.0,1.0,2.0,26.0,24.0,17.0,11.0
2026-05-09,WNBA,natasha mack,phx,lva,25.0,1,1,10.0,15.0,1.0,0.0,1.0,1.0,0.0,26.0,25.0,11.0,16.0
2026-05-10,WNBA,natasha mack,phx,gsv,29.0,1,1,11.0,2.0,1.0,1.0,0.0,1.0,1.0,14.0,13.0,12.0,3.0
2026-05-12,WNBA,natasha mack,phx,min,28.0,1,1,9.0,10.0,0.0,0.0,1.0,3.0,0.0,19.0,19.0,9.0,10.0
2026-05-15,WNBA,natasha mack,phx,chi,30.0,1,1,10.0,6.0,3.0,0.0,1.0,4.0,3.0,19.0,16.0,13.0,9.0
2026-05-19,WNBA,natasha mack,phx,tor,18.0,1,1,12.0,10.0,3.0,0.0,0.0,0.0,0.0,25.0,22.0,15.0,13.0
2026-05-21,WNBA,natasha mack,phx,las,28.0,1,1,10.0,9.0,2.0,0.0,2.0,0.0,1.0,21.0,19.0,12.0,11.0
2026-05-24,WNBA,natasha mack,phx,atl,16.0,1,1,6.0,7.0,1.0,0.0,0.0,2.0,1.0,14.0,13.0,7.0,8.0
2026-05-27,WNBA,natasha mack,phx,nyl,28.0,1,1,14.0,6.0,1.0,0.0,0.0,2.0,1.0,21.0,20.0,15.0,7.0
2026-05-29,WNBA,natasha mack,phx,nyl,28.0,1,1,6.0,9.0,0.0,0.0,5.0,1.0,1.0,15.0,15.0,6.0,9.0
2026-06-01,WNBA,natasha mack,phx,min,20.0,1,1,4.0,11.0,1.0,0.0,0.0,0.0,1.0,16.0,15.0,5.0,12.0
2026-06-03,WNBA,natasha mack,phx,sea,26.0,1,1,16.0,10.0,2.0,0.0,0.0,3.0,1.0,28.0,26.0,18.0,12.0
2026-06-05,WNBA,natasha mack,phx,pdx,29.0,1,1,16.0,4.0,2.0,0.0,1.0,1.0,1.0,22.0,20.0,18.0,6.0
2026-06-09,WNBA,natasha mack,phx,gsv,25.0,1,1,9.0,10.0,1.0,1.0,0.0,1.0,2.0,20.0,19.0,10.0,11.0
2026-06-11,WNBA,natasha mack,phx,dal,22.0,1,1,8.0,3.0,2.0,0.0,0.0,0.0,1.0,13.0,11.0,10.0,5.0
2026-06-13,WNBA,natasha mack,phx,las,35.0,1,1,11.0,12.0,4.0,0.0,4.0,3.0,0.0,27.0,23.0,15.0,16.0
2026-06-17,WNBA,natasha mack,phx,lva,23.0,1,1,0.0,8.0,0.0,0.0,0.0,1.0,0.0,8.0,8.0,0.0,8.0
2026-05-08,WNBA,natisha hiedeman,sea,gsv,23.0,1,1,6.0,5.0,3.0,0.0,1.0,0.0,1.0,14.0,11.0,9.0,8.0
2026-05-10,WNBA,natisha hiedeman,sea,con,26.0,1,1,11.0,2.0,3.0,0.0,1.0,0.0,4.0,16.0,13.0,14.0,5.0
2026-05-13,WNBA,natisha hiedeman,sea,tor,22.0,1,1,5.0,0.0,5.0,1.0,0.0,0.0,2.0,10.0,5.0,10.0,5.0
2026-05-17,WNBA,natisha hiedeman,sea,ind,31.0,1,1,19.0,2.0,2.0,3.0,1.0,1.0,1.0,23.0,21.0,21.0,4.0
2026-05-20,WNBA,natisha hiedeman,sea,con,30.0,1,1,20.0,1.0,5.0,3.0,1.0,0.0,1.0,26.0,21.0,25.0,6.0
2026-05-22,WNBA,natisha hiedeman,sea,con,27.0,1,1,11.0,2.0,6.0,1.0,0.0,0.0,1.0,19.0,13.0,17.0,8.0
2026-05-24,WNBA,natisha hiedeman,sea,was,28.0,1,1,24.0,1.0,5.0,4.0,0.0,0.0,2.0,30.0,25.0,29.0,6.0
2026-05-27,WNBA,natisha hiedeman,sea,was,28.0,1,1,8.0,2.0,1.0,1.0,1.0,0.0,3.0,11.0,10.0,9.0,3.0
2026-05-30,WNBA,natisha hiedeman,sea,tor,23.0,1,1,18.0,2.0,7.0,3.0,0.0,0.0,2.0,27.0,20.0,25.0,9.0
2026-06-01,WNBA,natisha hiedeman,sea,dal,26.0,1,1,11.0,2.0,2.0,0.0,0.0,0.0,3.0,15.0,13.0,13.0,4.0
2026-06-03,WNBA,natisha hiedeman,sea,phx,30.0,1,1,15.0,4.0,4.0,3.0,2.0,1.0,0.0,23.0,19.0,19.0,8.0
2026-06-06,WNBA,natisha hiedeman,sea,min,26.0,1,1,14.0,4.0,5.0,3.0,3.0,0.0,4.0,23.0,18.0,19.0,9.0
2026-06-08,WNBA,natisha hiedeman,sea,lva,28.0,1,1,17.0,5.0,5.0,4.0,3.0,0.0,1.0,27.0,22.0,22.0,10.0
2026-06-10,WNBA,natisha hiedeman,sea,las,29.0,1,1,16.0,1.0,5.0,2.0,1.0,0.0,3.0,22.0,17.0,21.0,6.0
2026-06-12,WNBA,natisha hiedeman,sea,gsv,33.0,1,1,26.0,4.0,5.0,5.0,2.0,1.0,3.0,35.0,30.0,31.0,9.0
2026-06-17,WNBA,natisha hiedeman,sea,pdx,33.0,1,1,19.0,4.0,6.0,5.0,1.0,0.0,5.0,29.0,23.0,25.0,10.0
2026-05-09,WNBA,naz hillmon,atl,min,33.0,1,1,15.0,7.0,2.0,2.0,1.0,0.0,0.0,24.0,22.0,17.0,9.0
2026-05-12,WNBA,naz hillmon,atl,dal,36.0,1,1,1.0,3.0,1.0,0.0,0.0,0.0,1.0,5.0,4.0,2.0,4.0
2026-05-17,WNBA,naz hillmon,atl,lva,30.0,1,1,6.0,5.0,0.0,0.0,0.0,0.0,0.0,11.0,11.0,6.0,5.0
2026-05-22,WNBA,naz hillmon,atl,dal,35.0,1,1,6.0,3.0,2.0,0.0,0.0,0.0,4.0,11.0,9.0,8.0,5.0
2026-05-24,WNBA,naz hillmon,atl,phx,23.0,1,1,4.0,4.0,0.0,0.0,0.0,0.0,1.0,8.0,8.0,4.0,4.0
2026-05-27,WNBA,naz hillmon,atl,min,32.0,1,1,15.0,8.0,1.0,1.0,1.0,0.0,3.0,24.0,23.0,16.0,9.0
2026-05-29,WNBA,naz hillmon,atl,pdx,36.0,1,1,14.0,7.0,4.0,1.0,5.0,0.0,1.0,25.0,21.0,18.0,11.0
2026-06-02,WNBA,naz hillmon,atl,con,35.0,1,1,5.0,7.0,3.0,1.0,0.0,0.0,2.0,15.0,12.0,8.0,10.0
2026-06-04,WNBA,naz hillmon,atl,ind,28.0,1,1,12.0,5.0,1.0,2.0,1.0,0.0,0.0,18.0,17.0,13.0,6.0
2026-06-06,WNBA,naz hillmon,atl,was,25.0,1,1,6.0,6.0,1.0,2.0,1.0,1.0,0.0,13.0,12.0,7.0,7.0
2026-06-09,WNBA,naz hillmon,atl,chi,38.0,1,1,16.0,6.0,1.0,3.0,1.0,0.0,0.0,23.0,22.0,17.0,7.0
2026-06-11,WNBA,naz hillmon,atl,nyl,30.0,1,1,7.0,1.0,3.0,1.0,0.0,0.0,1.0,11.0,8.0,10.0,4.0
2026-06-14,WNBA,naz hillmon,atl,tor,32.0,1,1,9.0,6.0,1.0,0.0,1.0,0.0,0.0,16.0,15.0,10.0,7.0
2026-06-18,WNBA,naz hillmon,atl,ind,32.0,1,1,17.0,4.0,2.0,3.0,1.0,1.0,2.0,23.0,21.0,19.0,6.0
2026-05-09,WNBA,nia coffey,min,atl,31.0,1,1,3.0,3.0,1.0,1.0,1.0,3.0,0.0,7.0,6.0,4.0,4.0
2026-05-12,WNBA,nia coffey,min,phx,21.0,1,1,13.0,10.0,0.0,3.0,0.0,1.0,1.0,23.0,23.0,13.0,10.0
2026-05-14,WNBA,nia coffey,min,dal,30.0,1,1,13.0,8.0,1.0,3.0,1.0,2.0,1.0,22.0,21.0,14.0,9.0
2026-05-17,WNBA,nia coffey,min,chi,25.0,1,1,2.0,3.0,2.0,0.0,0.0,0.0,1.0,7.0,5.0,4.0,5.0
2026-05-21,WNBA,nia coffey,min,tor,25.0,1,1,8.0,3.0,2.0,0.0,1.0,0.0,1.0,13.0,11.0,10.0,5.0
2026-05-23,WNBA,nia coffey,min,chi,25.0,1,1,8.0,7.0,0.0,1.0,0.0,2.0,4.0,15.0,15.0,8.0,7.0
2026-05-27,WNBA,nia coffey,min,atl,31.0,1,1,14.0,5.0,3.0,2.0,1.0,0.0,0.0,22.0,19.0,17.0,8.0
2026-05-29,WNBA,nia coffey,min,chi,26.0,1,1,20.0,8.0,2.0,6.0,1.0,1.0,1.0,30.0,28.0,22.0,10.0
2026-06-01,WNBA,nia coffey,min,phx,22.0,1,1,8.0,6.0,2.0,2.0,1.0,0.0,0.0,16.0,14.0,10.0,8.0
2026-06-04,WNBA,nia coffey,min,gsv,35.0,1,1,3.0,6.0,5.0,1.0,0.0,3.0,2.0,14.0,9.0,8.0,11.0
2026-06-06,WNBA,nia coffey,min,sea,27.0,1,1,6.0,8.0,5.0,2.0,3.0,2.0,1.0,19.0,14.0,11.0,13.0
2026-06-09,WNBA,nia coffey,min,dal,25.0,1,1,6.0,8.0,1.0,0.0,0.0,0.0,0.0,15.0,14.0,7.0,9.0
2026-06-13,WNBA,nia coffey,min,lva,26.0,1,1,3.0,3.0,2.0,1.0,0.0,2.0,0.0,8.0,6.0,5.0,5.0
2026-06-15,WNBA,nia coffey,min,pdx,21.0,1,1,15.0,5.0,4.0,3.0,3.0,3.0,0.0,24.0,20.0,19.0,9.0
2026-06-17,WNBA,nia coffey,min,las,29.0,1,1,7.0,6.0,2.0,1.0,5.0,1.0,1.0,15.0,13.0,9.0,8.0
2026-05-10,WNBA,nneka ogwumike,las,lva,33.0,1,1,19.0,10.0,2.0,3.0,1.0,0.0,2.0,31.0,29.0,21.0,12.0
2026-05-13,WNBA,nneka ogwumike,las,ind,32.0,1,1,10.0,5.0,0.0,1.0,3.0,1.0,3.0,15.0,15.0,10.0,5.0
2026-05-15,WNBA,nneka ogwumike,las,tor,32.0,1,1,20.0,5.0,3.0,1.0,1.0,0.0,2.0,28.0,25.0,23.0,8.0
2026-05-17,WNBA,nneka ogwumike,las,tor,31.0,1,1,17.0,7.0,3.0,2.0,0.0,0.0,2.0,27.0,24.0,20.0,10.0
2026-05-21,WNBA,nneka ogwumike,las,phx,31.0,1,1,12.0,6.0,2.0,2.0,1.0,0.0,1.0,20.0,18.0,14.0,8.0
2026-05-29,WNBA,nneka ogwumike,las,was,33.0,1,1,20.0,11.0,2.0,1.0,1.0,1.0,1.0,33.0,31.0,22.0,13.0
2026-05-30,WNBA,nneka ogwumike,las,con,33.0,1,1,12.0,3.0,2.0,1.0,1.0,0.0,0.0,17.0,15.0,14.0,5.0
2026-06-02,WNBA,nneka ogwumike,las,lva,31.0,1,1,12.0,12.0,2.0,0.0,1.0,1.0,2.0,26.0,24.0,14.0,14.0
2026-06-05,WNBA,nneka ogwumike,las,dal,35.0,1,1,13.0,10.0,5.0,1.0,1.0,0.0,0.0,28.0,23.0,18.0,15.0
2026-06-07,WNBA,nneka ogwumike,las,pdx,32.0,1,1,20.0,17.0,2.0,2.0,2.0,0.0,2.0,39.0,37.0,22.0,19.0
2026-06-10,WNBA,nneka ogwumike,las,sea,33.0,1,1,24.0,9.0,1.0,1.0,1.0,0.0,0.0,34.0,33.0,25.0,10.0
2026-06-13,WNBA,nneka ogwumike,las,phx,36.0,1,1,15.0,15.0,3.0,3.0,1.0,3.0,1.0,33.0,30.0,18.0,18.0
2026-05-08,WNBA,nyara sabally,tor,was,26.0,1,1,8.0,6.0,0.0,0.0,3.0,1.0,1.0,14.0,14.0,8.0,6.0
2026-05-13,WNBA,nyara sabally,tor,sea,26.0,1,1,8.0,5.0,3.0,0.0,2.0,2.0,2.0,16.0,13.0,11.0,8.0
2026-05-15,WNBA,nyara sabally,tor,las,28.0,1,1,14.0,9.0,3.0,0.0,1.0,2.0,0.0,26.0,23.0,17.0,12.0
2026-05-17,WNBA,nyara sabally,tor,las,20.0,1,1,7.0,4.0,4.0,0.0,1.0,1.0,2.0,15.0,11.0,11.0,8.0
2026-05-23,WNBA,nyara sabally,tor,pdx,23.0,1,1,9.0,3.0,0.0,1.0,0.0,1.0,0.0,12.0,12.0,9.0,3.0
2026-05-27,WNBA,nyara sabally,tor,chi,28.0,1,1,29.0,6.0,2.0,3.0,2.0,2.0,2.0,37.0,35.0,31.0,8.0
2026-05-30,WNBA,nyara sabally,tor,sea,26.0,1,1,8.0,4.0,0.0,0.0,2.0,1.0,1.0,12.0,12.0,8.0,4.0
2026-06-03,WNBA,nyara sabally,tor,nyl,29.0,1,1,11.0,6.0,3.0,1.0,0.0,0.0,1.0,20.0,17.0,14.0,9.0
2026-06-07,WNBA,nyara sabally,tor,chi,25.0,1,1,15.0,6.0,1.0,0.0,1.0,1.0,1.0,22.0,21.0,16.0,7.0
2026-06-10,WNBA,nyara sabally,tor,con,30.0,1,1,15.0,5.0,3.0,0.0,0.0,0.0,0.0,23.0,20.0,18.0,8.0
2026-05-09,WNBA,olivia miles,min,atl,34.0,1,1,21.0,3.0,8.0,1.0,2.0,2.0,3.0,32.0,24.0,29.0,11.0
2026-05-12,WNBA,olivia miles,min,phx,26.0,1,1,13.0,6.0,7.0,0.0,0.0,0.0,2.0,26.0,19.0,20.0,13.0
2026-05-14,WNBA,olivia miles,min,dal,32.0,1,1,15.0,2.0,6.0,0.0,0.0,1.0,3.0,23.0,17.0,21.0,8.0
2026-05-17,WNBA,olivia miles,min,chi,35.0,1,1,13.0,6.0,2.0,1.0,4.0,1.0,4.0,21.0,19.0,15.0,8.0
2026-05-21,WNBA,olivia miles,min,tor,23.0,1,1,14.0,4.0,5.0,0.0,1.0,1.0,2.0,23.0,18.0,19.0,9.0
2026-05-23,WNBA,olivia miles,min,chi,33.0,1,1,14.0,9.0,5.0,0.0,2.0,0.0,5.0,28.0,23.0,19.0,14.0
2026-05-27,WNBA,olivia miles,min,atl,34.0,1,1,16.0,5.0,8.0,0.0,1.0,0.0,3.0,29.0,21.0,24.0,13.0
2026-05-29,WNBA,olivia miles,min,chi,32.0,1,1,17.0,6.0,6.0,0.0,2.0,0.0,4.0,29.0,23.0,23.0,12.0
2026-06-01,WNBA,olivia miles,min,phx,28.0,1,1,19.0,4.0,10.0,0.0,3.0,0.0,4.0,33.0,23.0,29.0,14.0
2026-06-04,WNBA,olivia miles,min,gsv,28.0,1,1,28.0,4.0,7.0,8.0,0.0,3.0,1.0,39.0,32.0,35.0,11.0
2026-06-06,WNBA,olivia miles,min,sea,33.0,1,1,19.0,6.0,6.0,1.0,1.0,0.0,1.0,31.0,25.0,25.0,12.0
2026-06-09,WNBA,olivia miles,min,dal,31.0,1,1,24.0,7.0,6.0,2.0,1.0,1.0,4.0,37.0,31.0,30.0,13.0
2026-06-13,WNBA,olivia miles,min,lva,34.0,1,1,29.0,4.0,1.0,3.0,1.0,0.0,6.0,34.0,33.0,30.0,5.0
2026-06-15,WNBA,olivia miles,min,pdx,23.0,1,1,12.0,4.0,5.0,0.0,3.0,0.0,3.0,21.0,16.0,17.0,9.0
2026-06-17,WNBA,olivia miles,min,las,26.0,1,1,31.0,4.0,4.0,2.0,0.0,0.0,5.0,39.0,35.0,35.0,8.0
2026-05-09,WNBA,paige bueckers,dal,ind,32.0,1,1,20.0,3.0,4.0,1.0,1.0,0.0,1.0,27.0,23.0,24.0,7.0
2026-05-12,WNBA,paige bueckers,dal,atl,32.0,1,1,15.0,2.0,3.0,2.0,0.0,1.0,0.0,20.0,17.0,18.0,5.0
2026-05-14,WNBA,paige bueckers,dal,min,31.0,1,1,27.0,3.0,8.0,3.0,0.0,0.0,3.0,38.0,30.0,35.0,11.0
2026-05-18,WNBA,paige bueckers,dal,was,33.0,1,1,18.0,3.0,7.0,4.0,0.0,0.0,1.0,28.0,21.0,25.0,10.0
2026-05-20,WNBA,paige bueckers,dal,chi,33.0,1,1,24.0,3.0,4.0,1.0,0.0,0.0,3.0,31.0,27.0,28.0,7.0
2026-05-22,WNBA,paige bueckers,dal,atl,31.0,1,1,7.0,1.0,7.0,1.0,2.0,0.0,3.0,15.0,8.0,14.0,8.0
2026-05-24,WNBA,paige bueckers,dal,nyl,36.0,1,1,24.0,6.0,2.0,2.0,0.0,0.0,1.0,32.0,30.0,26.0,8.0
2026-05-28,WNBA,paige bueckers,dal,lva,38.0,1,1,20.0,3.0,6.0,2.0,0.0,2.0,3.0,29.0,23.0,26.0,9.0
2026-06-01,WNBA,paige bueckers,dal,sea,24.0,1,1,10.0,9.0,7.0,1.0,1.0,0.0,2.0,26.0,19.0,17.0,16.0
2026-06-05,WNBA,paige bueckers,dal,las,36.0,1,1,18.0,3.0,14.0,1.0,1.0,0.0,1.0,35.0,21.0,32.0,17.0
2026-06-09,WNBA,paige bueckers,dal,min,30.0,1,1,23.0,1.0,2.0,3.0,0.0,1.0,5.0,26.0,24.0,25.0,3.0
2026-06-11,WNBA,paige bueckers,dal,phx,32.0,1,1,31.0,6.0,5.0,3.0,1.0,0.0,2.0,42.0,37.0,36.0,11.0
2026-06-15,WNBA,paige bueckers,dal,lva,24.0,1,1,10.0,5.0,7.0,2.0,1.0,0.0,0.0,22.0,15.0,17.0,12.0
2026-06-17,WNBA,paige bueckers,dal,gsv,36.0,1,1,15.0,3.0,8.0,1.0,1.0,1.0,2.0,26.0,18.0,23.0,11.0
2026-05-09,WNBA,rhyne howard,atl,min,38.0,1,1,15.0,6.0,5.0,3.0,3.0,1.0,3.0,26.0,21.0,20.0,11.0
2026-05-12,WNBA,rhyne howard,atl,dal,37.0,1,1,14.0,3.0,4.0,1.0,1.0,0.0,0.0,21.0,17.0,18.0,7.0
2026-05-22,WNBA,rhyne howard,atl,dal,35.0,1,1,25.0,4.0,8.0,2.0,4.0,2.0,2.0,37.0,29.0,33.0,12.0
2026-05-24,WNBA,rhyne howard,atl,phx,34.0,1,1,21.0,8.0,0.0,6.0,1.0,0.0,2.0,29.0,29.0,21.0,8.0
2026-05-27,WNBA,rhyne howard,atl,min,36.0,1,1,10.0,2.0,4.0,2.0,1.0,2.0,2.0,16.0,12.0,14.0,6.0
2026-05-29,WNBA,rhyne howard,atl,pdx,34.0,1,1,14.0,2.0,4.0,4.0,6.0,0.0,1.0,20.0,16.0,18.0,6.0
2026-06-02,WNBA,rhyne howard,atl,con,37.0,1,1,36.0,2.0,2.0,8.0,3.0,0.0,1.0,40.0,38.0,38.0,4.0
2026-06-04,WNBA,rhyne howard,atl,ind,37.0,1,1,8.0,4.0,0.0,2.0,3.0,0.0,2.0,12.0,12.0,8.0,4.0
2026-06-06,WNBA,rhyne howard,atl,was,21.0,1,1,19.0,0.0,3.0,4.0,6.0,1.0,2.0,22.0,19.0,22.0,3.0
2026-06-09,WNBA,rhyne howard,atl,chi,36.0,1,1,17.0,3.0,5.0,1.0,3.0,0.0,1.0,25.0,20.0,22.0,8.0
2026-06-11,WNBA,rhyne howard,atl,nyl,36.0,1,1,24.0,4.0,3.0,5.0,4.0,1.0,1.0,31.0,28.0,27.0,7.0
2026-06-14,WNBA,rhyne howard,atl,tor,38.0,1,1,24.0,6.0,2.0,4.0,1.0,3.0,1.0,32.0,30.0,26.0,8.0
2026-06-18,WNBA,rhyne howard,atl,ind,38.0,1,1,16.0,4.0,6.0,1.0,3.0,1.0,1.0,26.0,20.0,22.0,10.0
2026-05-09,WNBA,sarah ashlee barker,pdx,chi,24.0,1,1,13.0,4.0,0.0,1.0,1.0,1.0,1.0,17.0,17.0,13.0,4.0
2026-05-12,WNBA,sarah ashlee barker,pdx,nyl,22.0,1,1,5.0,2.0,3.0,1.0,0.0,0.0,2.0,10.0,7.0,8.0,5.0
2026-05-14,WNBA,sarah ashlee barker,pdx,nyl,21.0,1,1,6.0,3.0,2.0,2.0,1.0,0.0,3.0,11.0,9.0,8.0,5.0
2026-05-18,WNBA,sarah ashlee barker,pdx,con,21.0,1,1,18.0,4.0,3.0,2.0,2.0,0.0,2.0,25.0,22.0,21.0,7.0
2026-05-20,WNBA,sarah ashlee barker,pdx,ind,19.0,1,1,8.0,6.0,1.0,0.0,1.0,0.0,0.0,15.0,14.0,9.0,7.0
2026-05-23,WNBA,sarah ashlee barker,pdx,tor,19.0,1,1,12.0,3.0,1.0,1.0,0.0,0.0,0.0,16.0,15.0,13.0,4.0
2026-05-25,WNBA,sarah ashlee barker,pdx,nyl,18.0,1,1,7.0,5.0,3.0,1.0,1.0,0.0,2.0,15.0,12.0,10.0,8.0
2026-05-27,WNBA,sarah ashlee barker,pdx,con,22.0,1,1,4.0,11.0,1.0,0.0,3.0,1.0,4.0,16.0,15.0,5.0,12.0
2026-05-29,WNBA,sarah ashlee barker,pdx,atl,21.0,1,1,14.0,2.0,0.0,2.0,0.0,0.0,3.0,16.0,16.0,14.0,2.0
2026-05-30,WNBA,sarah ashlee barker,pdx,ind,28.0,1,1,15.0,6.0,4.0,3.0,0.0,0.0,2.0,25.0,21.0,19.0,10.0
2026-06-02,WNBA,sarah ashlee barker,pdx,gsv,23.0,1,1,8.0,3.0,3.0,2.0,0.0,0.0,2.0,14.0,11.0,11.0,6.0
2026-06-05,WNBA,sarah ashlee barker,pdx,phx,29.0,1,1,15.0,7.0,3.0,2.0,0.0,0.0,1.0,25.0,22.0,18.0,10.0
2026-06-07,WNBA,sarah ashlee barker,pdx,las,28.0,1,1,6.0,2.0,7.0,1.0,1.0,1.0,3.0,15.0,8.0,13.0,9.0
2026-06-11,WNBA,sarah ashlee barker,pdx,lva,30.0,1,1,14.0,1.0,4.0,2.0,1.0,0.0,2.0,19.0,15.0,18.0,5.0
2026-06-13,WNBA,sarah ashlee barker,pdx,dal,32.0,1,1,10.0,5.0,3.0,2.0,1.0,0.0,2.0,18.0,15.0,13.0,8.0
2026-05-08,WNBA,shakira austin,was,tor,28.0,1,1,18.0,11.0,2.0,0.0,2.0,2.0,2.0,31.0,29.0,20.0,13.0
2026-05-10,WNBA,shakira austin,was,nyl,33.0,1,1,16.0,10.0,4.0,0.0,0.0,0.0,1.0,30.0,26.0,20.0,14.0
2026-05-15,WNBA,shakira austin,was,ind,34.0,1,1,19.0,9.0,5.0,0.0,0.0,3.0,3.0,33.0,28.0,24.0,14.0
2026-05-18,WNBA,shakira austin,was,dal,26.0,1,1,12.0,4.0,1.0,0.0,1.0,0.0,4.0,17.0,16.0,13.0,5.0
2026-05-24,WNBA,shakira austin,was,sea,29.0,1,1,12.0,4.0,0.0,1.0,2.0,2.0,1.0,16.0,16.0,12.0,4.0
2026-05-27,WNBA,shakira austin,was,sea,29.0,1,1,18.0,13.0,5.0,1.0,0.0,1.0,2.0,36.0,31.0,23.0,18.0
2026-05-29,WNBA,shakira austin,was,las,25.0,1,1,25.0,10.0,3.0,0.0,0.0,0.0,4.0,38.0,35.0,28.0,13.0
2026-06-02,WNBA,shakira austin,was,chi,25.0,1,1,17.0,8.0,1.0,1.0,3.0,1.0,5.0,26.0,25.0,18.0,9.0
2026-06-06,WNBA,shakira austin,was,atl,22.0,1,1,7.0,5.0,4.0,1.0,0.0,3.0,3.0,16.0,12.0,11.0,9.0
2026-06-08,WNBA,shakira austin,was,ind,34.0,1,1,10.0,9.0,4.0,0.0,0.0,1.0,5.0,23.0,19.0,14.0,13.0
2026-06-12,WNBA,shakira austin,was,tor,32.0,1,1,12.0,11.0,3.0,0.0,0.0,2.0,9.0,26.0,23.0,15.0,14.0
2026-06-14,WNBA,shakira austin,was,nyl,30.0,1,1,8.0,6.0,4.0,0.0,0.0,1.0,3.0,18.0,14.0,12.0,10.0
2026-05-09,WNBA,skylar diggins,chi,pdx,33.0,1,1,21.0,11.0,7.0,2.0,1.0,2.0,2.0,39.0,32.0,28.0,18.0
2026-05-13,WNBA,skylar diggins,chi,gsv,34.0,1,1,15.0,5.0,7.0,1.0,1.0,2.0,0.0,27.0,20.0,22.0,12.0
2026-05-15,WNBA,skylar diggins,chi,phx,12.0,1,1,0.0,2.0,3.0,0.0,1.0,0.0,0.0,5.0,2.0,3.0,5.0
2026-05-20,WNBA,skylar diggins,chi,dal,34.0,1,1,15.0,1.0,4.0,2.0,1.0,1.0,2.0,20.0,16.0,19.0,5.0
2026-05-23,WNBA,skylar diggins,chi,min,32.0,1,1,13.0,6.0,6.0,0.0,1.0,0.0,3.0,25.0,19.0,19.0,12.0
2026-05-27,WNBA,skylar diggins,chi,tor,36.0,1,1,23.0,2.0,9.0,1.0,1.0,2.0,0.0,34.0,25.0,32.0,11.0
2026-05-29,WNBA,skylar diggins,chi,min,29.0,1,1,12.0,5.0,3.0,0.0,2.0,0.0,3.0,20.0,17.0,15.0,8.0
2026-06-02,WNBA,skylar diggins,chi,was,27.0,1,1,14.0,1.0,1.0,2.0,0.0,1.0,2.0,16.0,15.0,15.0,2.0
2026-06-05,WNBA,skylar diggins,chi,con,32.0,1,1,24.0,3.0,4.0,2.0,1.0,0.0,2.0,31.0,27.0,28.0,7.0
2026-06-07,WNBA,skylar diggins,chi,tor,27.0,1,1,7.0,1.0,3.0,0.0,0.0,0.0,1.0,11.0,8.0,10.0,4.0
2026-06-09,WNBA,skylar diggins,chi,atl,32.0,1,1,17.0,3.0,3.0,4.0,1.0,0.0,3.0,23.0,20.0,20.0,6.0
2026-06-11,WNBA,skylar diggins,chi,ind,32.0,1,1,21.0,3.0,1.0,2.0,1.0,0.0,1.0,25.0,24.0,22.0,4.0
2026-06-17,WNBA,skylar diggins,chi,nyl,31.0,1,1,19.0,2.0,8.0,3.0,1.0,1.0,1.0,29.0,21.0,27.0,10.0
2026-05-08,WNBA,sonia citron,was,tor,34.0,1,1,26.0,2.0,0.0,3.0,2.0,2.0,2.0,28.0,28.0,26.0,2.0
2026-05-10,WNBA,sonia citron,was,nyl,36.0,1,1,17.0,5.0,2.0,0.0,2.0,0.0,2.0,24.0,22.0,19.0,7.0
2026-05-15,WNBA,sonia citron,was,ind,38.0,1,1,30.0,6.0,4.0,1.0,1.0,1.0,2.0,40.0,36.0,34.0,10.0
2026-05-18,WNBA,sonia citron,was,dal,26.0,1,1,7.0,1.0,1.0,1.0,1.0,0.0,5.0,9.0,8.0,8.0,2.0
2026-05-24,WNBA,sonia citron,was,sea,32.0,1,1,16.0,5.0,2.0,0.0,2.0,0.0,2.0,23.0,21.0,18.0,7.0
2026-05-27,WNBA,sonia citron,was,sea,30.0,1,1,7.0,4.0,3.0,1.0,1.0,0.0,1.0,14.0,11.0,10.0,7.0
2026-05-29,WNBA,sonia citron,was,las,37.0,1,1,21.0,1.0,8.0,2.0,1.0,1.0,4.0,30.0,22.0,29.0,9.0
2026-06-06,WNBA,sonia citron,was,atl,29.0,1,1,18.0,2.0,6.0,2.0,1.0,0.0,2.0,26.0,20.0,24.0,8.0
2026-06-08,WNBA,sonia citron,was,ind,38.0,1,1,12.0,0.0,5.0,2.0,1.0,2.0,2.0,17.0,12.0,17.0,5.0
2026-06-12,WNBA,sonia citron,was,tor,34.0,1,1,17.0,5.0,3.0,1.0,2.0,0.0,2.0,25.0,22.0,20.0,8.0
2026-06-14,WNBA,sonia citron,was,nyl,31.0,1,1,12.0,3.0,2.0,1.0,0.0,0.0,1.0,17.0,15.0,14.0,5.0
2026-05-09,WNBA,sophie cunningham,ind,dal,26.0,1,1,3.0,4.0,3.0,1.0,0.0,0.0,0.0,10.0,7.0,6.0,7.0
2026-05-13,WNBA,sophie cunningham,ind,las,27.0,1,1,12.0,7.0,1.0,2.0,1.0,0.0,0.0,20.0,19.0,13.0,8.0
2026-05-15,WNBA,sophie cunningham,ind,was,20.0,1,1,7.0,1.0,2.0,1.0,0.0,0.0,0.0,10.0,8.0,9.0,3.0
2026-05-17,WNBA,sophie cunningham,ind,sea,25.0,1,1,17.0,3.0,0.0,1.0,1.0,1.0,3.0,20.0,20.0,17.0,3.0
2026-05-20,WNBA,sophie cunningham,ind,pdx,15.0,1,1,2.0,2.0,1.0,0.0,0.0,0.0,0.0,5.0,4.0,3.0,3.0
2026-05-22,WNBA,sophie cunningham,ind,gsv,28.0,1,1,11.0,0.0,1.0,2.0,1.0,0.0,1.0,12.0,11.0,12.0,1.0
2026-05-28,WNBA,sophie cunningham,ind,gsv,25.0,1,1,11.0,2.0,2.0,1.0,2.0,0.0,1.0,15.0,13.0,13.0,4.0
2026-05-30,WNBA,sophie cunningham,ind,pdx,26.0,1,1,15.0,3.0,4.0,2.0,1.0,0.0,1.0,22.0,18.0,19.0,7.0
2026-06-04,WNBA,sophie cunningham,ind,atl,19.0,1,1,8.0,2.0,0.0,2.0,0.0,0.0,1.0,10.0,10.0,8.0,2.0
2026-06-06,WNBA,sophie cunningham,ind,nyl,17.0,1,1,2.0,1.0,2.0,0.0,1.0,0.0,1.0,5.0,3.0,4.0,3.0
2026-06-08,WNBA,sophie cunningham,ind,was,23.0,1,1,8.0,2.0,3.0,2.0,0.0,0.0,0.0,13.0,10.0,11.0,5.0
2026-06-13,WNBA,sophie cunningham,ind,con,18.0,1,1,11.0,2.0,0.0,3.0,0.0,0.0,1.0,13.0,13.0,11.0,2.0
2026-06-16,WNBA,sophie cunningham,ind,tor,24.0,1,1,24.0,6.0,2.0,6.0,0.0,0.0,0.0,32.0,30.0,26.0,8.0
2026-06-18,WNBA,sophie cunningham,ind,atl,30.0,1,1,12.0,2.0,2.0,2.0,0.0,0.0,1.0,16.0,14.0,14.0,4.0
2026-05-09,WNBA,stephanie talbot,lva,phx,19.0,1,1,2.0,2.0,0.0,0.0,0.0,0.0,1.0,4.0,4.0,2.0,2.0
2026-05-10,WNBA,stephanie talbot,lva,las,18.0,1,1,8.0,2.0,3.0,0.0,3.0,0.0,1.0,13.0,10.0,11.0,5.0
2026-05-13,WNBA,stephanie talbot,lva,con,12.0,1,1,4.0,2.0,0.0,0.0,0.0,0.0,0.0,6.0,6.0,4.0,2.0
2026-05-15,WNBA,stephanie talbot,lva,con,22.0,1,1,1.0,1.0,2.0,0.0,1.0,0.0,2.0,4.0,2.0,3.0,3.0
2026-05-17,WNBA,stephanie talbot,lva,atl,16.0,1,1,0.0,5.0,2.0,0.0,0.0,2.0,0.0,7.0,5.0,2.0,7.0
2026-05-23,WNBA,stephanie talbot,lva,las,16.0,1,1,2.0,3.0,1.0,0.0,0.0,0.0,0.0,6.0,5.0,3.0,4.0
2026-05-28,WNBA,stephanie talbot,lva,dal,7.0,1,1,2.0,3.0,1.0,0.0,0.0,0.0,1.0,6.0,5.0,3.0,4.0
2026-05-31,WNBA,stephanie talbot,lva,gsv,32.0,1,1,10.0,7.0,4.0,2.0,1.0,0.0,1.0,21.0,17.0,14.0,11.0
2026-06-02,WNBA,stephanie talbot,lva,las,25.0,1,1,8.0,6.0,0.0,2.0,0.0,0.0,0.0,14.0,14.0,8.0,6.0
2026-06-06,WNBA,stephanie talbot,lva,gsv,19.0,1,1,6.0,0.0,4.0,2.0,0.0,2.0,1.0,10.0,6.0,10.0,4.0
2026-06-08,WNBA,stephanie talbot,lva,sea,17.0,1,1,3.0,3.0,3.0,1.0,1.0,0.0,2.0,9.0,6.0,6.0,6.0
2026-06-11,WNBA,stephanie talbot,lva,pdx,24.0,1,1,8.0,10.0,3.0,2.0,1.0,1.0,1.0,21.0,18.0,11.0,13.0
2026-06-13,WNBA,stephanie talbot,lva,min,20.0,1,1,0.0,3.0,1.0,0.0,0.0,0.0,0.0,4.0,3.0,1.0,4.0
2026-05-09,WNBA,sydney taylor,chi,pdx,4.0,1,1,0.0,0.0,0.0,0.0,0.0,0.0,0.0,0.0,0.0,0.0,0.0
2026-05-15,WNBA,sydney taylor,chi,phx,7.0,1,1,5.0,0.0,0.0,0.0,0.0,1.0,0.0,5.0,5.0,5.0,0.0
2026-05-17,WNBA,sydney taylor,chi,min,10.0,1,1,5.0,1.0,2.0,1.0,0.0,0.0,1.0,8.0,6.0,7.0,3.0
2026-05-23,WNBA,sydney taylor,chi,min,20.0,1,1,11.0,2.0,1.0,2.0,1.0,0.0,1.0,14.0,13.0,12.0,3.0
2026-05-27,WNBA,sydney taylor,chi,tor,23.0,1,1,27.0,2.0,2.0,3.0,1.0,0.0,0.0,31.0,29.0,29.0,4.0
2026-05-29,WNBA,sydney taylor,chi,min,20.0,1,1,7.0,2.0,4.0,1.0,0.0,0.0,1.0,13.0,9.0,11.0,6.0
2026-06-02,WNBA,sydney taylor,chi,was,20.0,1,1,15.0,1.0,1.0,1.0,4.0,0.0,4.0,17.0,16.0,16.0,2.0
2026-06-05,WNBA,sydney taylor,chi,con,13.0,1,1,4.0,1.0,0.0,0.0,0.0,0.0,4.0,5.0,5.0,4.0,1.0
2026-06-07,WNBA,sydney taylor,chi,tor,8.0,1,1,0.0,0.0,0.0,0.0,0.0,1.0,1.0,0.0,0.0,0.0,0.0
2026-06-09,WNBA,sydney taylor,chi,atl,3.0,1,1,0.0,0.0,0.0,0.0,0.0,0.0,1.0,0.0,0.0,0.0,0.0
2026-06-11,WNBA,sydney taylor,chi,ind,21.0,1,1,30.0,2.0,2.0,4.0,1.0,1.0,1.0,34.0,32.0,32.0,4.0
2026-06-17,WNBA,sydney taylor,chi,nyl,28.0,1,1,24.0,1.0,2.0,4.0,3.0,1.0,1.0,27.0,25.0,26.0,3.0
2026-05-08,WNBA,tiffany hayes,gsv,sea,4.0,1,1,1.0,0.0,1.0,0.0,0.0,0.0,0.0,2.0,1.0,2.0,1.0
2026-05-21,WNBA,tiffany hayes,gsv,nyl,14.0,1,1,9.0,1.0,2.0,1.0,0.0,0.0,0.0,12.0,10.0,11.0,3.0
2026-05-22,WNBA,tiffany hayes,gsv,ind,26.0,1,1,19.0,2.0,2.0,2.0,1.0,0.0,2.0,23.0,21.0,21.0,4.0
2026-05-25,WNBA,tiffany hayes,gsv,con,17.0,1,1,9.0,2.0,3.0,0.0,0.0,0.0,0.0,14.0,11.0,12.0,5.0
2026-05-28,WNBA,tiffany hayes,gsv,ind,5.0,1,1,0.0,1.0,0.0,0.0,0.0,0.0,1.0,1.0,1.0,0.0,1.0
2026-05-31,WNBA,tiffany hayes,gsv,lva,14.0,1,1,5.0,0.0,1.0,0.0,1.0,0.0,1.0,6.0,5.0,6.0,1.0
2026-06-02,WNBA,tiffany hayes,gsv,pdx,13.0,1,1,1.0,0.0,4.0,0.0,1.0,0.0,0.0,5.0,1.0,5.0,4.0
2026-06-04,WNBA,tiffany hayes,gsv,min,25.0,1,1,15.0,5.0,3.0,1.0,1.0,0.0,1.0,23.0,20.0,18.0,8.0
2026-06-06,WNBA,tiffany hayes,gsv,lva,16.0,1,1,5.0,3.0,3.0,1.0,1.0,0.0,2.0,11.0,8.0,8.0,6.0
2026-06-09,WNBA,tiffany hayes,gsv,phx,13.0,1,1,7.0,1.0,3.0,0.0,0.0,0.0,1.0,11.0,8.0,10.0,4.0
2026-06-12,WNBA,tiffany hayes,gsv,sea,24.0,1,1,17.0,4.0,3.0,0.0,0.0,0.0,4.0,24.0,21.0,20.0,7.0
2026-05-08,WNBA,veronica burton,gsv,sea,31.0,1,1,16.0,2.0,6.0,2.0,2.0,0.0,1.0,24.0,18.0,22.0,8.0
2026-05-10,WNBA,veronica burton,gsv,phx,32.0,1,1,13.0,3.0,12.0,1.0,3.0,0.0,0.0,28.0,16.0,25.0,15.0
2026-05-13,WNBA,veronica burton,gsv,chi,36.0,1,1,16.0,3.0,4.0,2.0,1.0,0.0,5.0,23.0,19.0,20.0,7.0
2026-05-21,WNBA,veronica burton,gsv,nyl,27.0,1,1,13.0,4.0,7.0,3.0,0.0,0.0,1.0,24.0,17.0,20.0,11.0
2026-05-22,WNBA,veronica burton,gsv,ind,29.0,1,1,17.0,3.0,3.0,2.0,0.0,2.0,3.0,23.0,20.0,20.0,6.0
2026-05-25,WNBA,veronica burton,gsv,con,17.0,1,1,11.0,2.0,6.0,2.0,0.0,0.0,0.0,19.0,13.0,17.0,8.0
2026-05-28,WNBA,veronica burton,gsv,ind,29.0,1,1,25.0,6.0,3.0,1.0,1.0,5.0,1.0,34.0,31.0,28.0,9.0
2026-05-31,WNBA,veronica burton,gsv,lva,28.0,1,1,7.0,3.0,5.0,1.0,1.0,0.0,2.0,15.0,10.0,12.0,8.0
2026-06-02,WNBA,veronica burton,gsv,pdx,23.0,1,1,10.0,3.0,9.0,2.0,0.0,0.0,1.0,22.0,13.0,19.0,12.0
2026-06-04,WNBA,veronica burton,gsv,min,26.0,1,1,8.0,2.0,3.0,0.0,0.0,1.0,1.0,13.0,10.0,11.0,5.0
2026-06-06,WNBA,veronica burton,gsv,lva,34.0,1,1,15.0,5.0,3.0,1.0,0.0,0.0,1.0,23.0,20.0,18.0,8.0
2026-06-09,WNBA,veronica burton,gsv,phx,37.0,1,1,25.0,3.0,8.0,2.0,0.0,0.0,2.0,36.0,28.0,33.0,11.0
2026-06-12,WNBA,veronica burton,gsv,sea,30.0,1,1,11.0,5.0,8.0,1.0,2.0,1.0,3.0,24.0,16.0,19.0,13.0
2026-06-15,WNBA,veronica burton,gsv,las,30.0,1,1,12.0,2.0,3.0,2.0,2.0,2.0,2.0,17.0,14.0,15.0,5.0
2026-06-17,WNBA,veronica burton,gsv,dal,33.0,1,1,11.0,8.0,5.0,2.0,2.0,1.0,2.0,24.0,19.0,16.0,13.0
